timestamp,robot,solver,op,batch,n_dof,backend,t_med_ms,t_p95_ms,rel_err_max,peak_gpu_pct,avg_gpu_pct,peak_vram_mb,note
2026-08-18T03:41:49,panda,pyroffi_grid,ID,1,7,gpu,0.112,0.1339,1.461e-07,0.0,0.0,18777.0,pyroffi CUDA path (GRiD codegen via JAX FFI)
2026-08-18T03:41:49,panda,pyroffi_grid,FD,1,7,gpu,0.1435,0.147,2.609e-07,0.0,0.0,18777.0,pyroffi CUDA path (GRiD codegen via JAX FFI)
2026-08-18T03:41:49,panda,pyroffi_grid,CRBA,1,7,gpu,0.1873,0.1963,7.843e-08,0.0,0.0,18777.0,pyroffi CUDA path (GRiD codegen via JAX FFI)
2026-08-18T03:41:49,panda,pyroffi_grid,MINV,1,7,gpu,0.0963,0.1081,2.37e-07,0.0,0.0,18777.0,pyroffi CUDA path (GRiD codegen via JAX FFI)
2026-08-18T03:41:49,panda,pyroffi_grid,IDdu,1,7,gpu,0.1278,0.1339,,4.0,4.0,18777.0,pyroffi CUDA path (GRiD codegen via JAX FFI)
2026-08-18T03:41:49,panda,pyroffi_grid,FDdu,1,7,gpu,0.1848,0.2025,,4.0,4.0,18777.0,pyroffi CUDA path (GRiD codegen via JAX FFI)
2026-08-18T03:41:49,panda,pyroffi_grid,ID,16,7,gpu,0.1118,0.1364,1.169e-07,4.0,4.0,18777.0,pyroffi CUDA path (GRiD codegen via JAX FFI)
2026-08-18T03:41:49,panda,pyroffi_grid,FD,16,7,gpu,0.1348,0.1445,2.852e-07,4.0,4.0,18777.0,pyroffi CUDA path (GRiD codegen via JAX FFI)
2026-08-18T03:41:49,panda,pyroffi_grid,CRBA,16,7,gpu,0.185,0.1893,2.21e-07,2.0,2.0,18777.0,pyroffi CUDA path (GRiD codegen via JAX FFI)
2026-08-18T03:41:49,panda,pyroffi_grid,MINV,16,7,gpu,0.1007,0.1015,2.634e-07,2.0,2.0,18777.0,pyroffi CUDA path (GRiD codegen via JAX FFI)
2026-08-18T03:41:49,panda,pyroffi_grid,IDdu,16,7,gpu,0.1259,0.1373,,2.0,2.0,18777.0,pyroffi CUDA path (GRiD codegen via JAX FFI)
2026-08-18T03:41:49,panda,pyroffi_grid,FDdu,16,7,gpu,0.1752,0.191,,0.0,0.0,18777.0,pyroffi CUDA path (GRiD codegen via JAX FFI)
2026-08-18T03:41:49,panda,pyroffi_grid,ID,64,7,gpu,0.1231,0.1271,1.817e-07,0.0,0.0,18777.0,pyroffi CUDA path (GRiD codegen via JAX FFI)
2026-08-18T03:41:49,panda,pyroffi_grid,FD,64,7,gpu,0.1492,0.1603,1.785e-07,0.0,0.0,18777.0,pyroffi CUDA path (GRiD codegen via JAX FFI)
2026-08-18T03:41:49,panda,pyroffi_grid,CRBA,64,7,gpu,0.1966,0.1966,2.28e-07,0.0,0.0,18777.0,pyroffi CUDA path (GRiD codegen via JAX FFI)
2026-08-18T03:41:49,panda,pyroffi_grid,MINV,64,7,gpu,0.0982,0.1071,2.015e-07,3.0,3.0,18777.0,pyroffi CUDA path (GRiD codegen via JAX FFI)
2026-08-18T03:41:49,panda,pyroffi_grid,IDdu,64,7,gpu,0.1364,0.1502,,3.0,3.0,18777.0,pyroffi CUDA path (GRiD codegen via JAX FFI)
2026-08-18T03:41:49,panda,pyroffi_grid,FDdu,64,7,gpu,0.1868,0.1919,,3.0,3.0,18777.0,pyroffi CUDA path (GRiD codegen via JAX FFI)
2026-08-18T03:41:49,panda,pyroffi_grid,ID,256,7,gpu,0.129,0.1311,2.547e-07,4.0,3.5,18777.0,pyroffi CUDA path (GRiD codegen via JAX FFI)
2026-08-18T03:41:49,panda,pyroffi_grid,FD,256,7,gpu,0.1531,0.1638,2.892e-07,4.0,4.0,18777.0,pyroffi CUDA path (GRiD codegen via JAX FFI)
2026-08-18T03:41:49,panda,pyroffi_grid,CRBA,256,7,gpu,0.2376,0.2384,2.96e-07,4.0,4.0,18777.0,pyroffi CUDA path (GRiD codegen via JAX FFI)
2026-08-18T03:41:49,panda,pyroffi_grid,MINV,256,7,gpu,0.1227,0.1292,4.027e-07,4.0,4.0,18777.0,pyroffi CUDA path (GRiD codegen via JAX FFI)
2026-08-18T03:41:49,panda,pyroffi_grid,IDdu,256,7,gpu,0.1906,0.2214,,0.0,0.0,18777.0,pyroffi CUDA path (GRiD codegen via JAX FFI)
2026-08-18T03:41:49,panda,pyroffi_grid,FDdu,256,7,gpu,0.2902,0.3,,0.0,0.0,18777.0,pyroffi CUDA path (GRiD codegen via JAX FFI)
2026-08-18T03:41:49,panda,pyroffi_grid,ID,1024,7,gpu,0.226,0.2263,2.313e-07,0.0,0.0,18777.0,pyroffi CUDA path (GRiD codegen via JAX FFI)
2026-08-18T03:41:49,panda,pyroffi_grid,FD,1024,7,gpu,0.3162,0.3247,2.141e-07,5.0,3.8,18777.0,pyroffi CUDA path (GRiD codegen via JAX FFI)
2026-08-18T03:41:49,panda,pyroffi_grid,CRBA,1024,7,gpu,0.6831,0.6929,2.629e-07,5.0,5.0,18777.0,pyroffi CUDA path (GRiD codegen via JAX FFI)
2026-08-18T03:41:49,panda,pyroffi_grid,MINV,1024,7,gpu,0.2419,0.2445,4.773e-07,5.0,5.0,18777.0,pyroffi CUDA path (GRiD codegen via JAX FFI)
2026-08-18T03:41:49,panda,pyroffi_grid,IDdu,1024,7,gpu,0.3751,0.3796,,6.0,5.6,18777.0,pyroffi CUDA path (GRiD codegen via JAX FFI)
2026-08-18T03:41:49,panda,pyroffi_grid,FDdu,1024,7,gpu,0.6477,0.658,,6.0,6.0,18777.0,pyroffi CUDA path (GRiD codegen via JAX FFI)
2026-08-18T03:41:49,panda,pyroffi_grid,ID,4096,7,gpu,0.549,0.5552,2.056e-07,6.0,6.0,18777.0,pyroffi CUDA path (GRiD codegen via JAX FFI)
2026-08-18T03:41:49,panda,pyroffi_grid,FD,4096,7,gpu,0.9517,0.9617,2.642e-07,15.0,8.2,18777.0,pyroffi CUDA path (GRiD codegen via JAX FFI)
2026-08-18T03:41:49,panda,pyroffi_grid,CRBA,4096,7,gpu,2.4413,2.4524,3.1e-07,15.0,15.0,18777.0,pyroffi CUDA path (GRiD codegen via JAX FFI)
2026-08-18T03:41:49,panda,pyroffi_grid,MINV,4096,7,gpu,0.6859,0.6921,4.247e-07,15.0,15.0,18777.0,pyroffi CUDA path (GRiD codegen via JAX FFI)
2026-08-18T03:41:49,panda,pyroffi_grid,IDdu,4096,7,gpu,1.0936,1.1006,,0.0,0.0,18777.0,pyroffi CUDA path (GRiD codegen via JAX FFI)
2026-08-18T03:41:49,panda,pyroffi_grid,FDdu,4096,7,gpu,2.1055,2.1141,,0.0,0.0,18777.0,pyroffi CUDA path (GRiD codegen via JAX FFI)
2026-08-18T03:41:56,panda,grid_rbd,ID,1,7,gpu,0.1384,0.1478,1.461e-07,1.0,1.0,19025.0,stock GRiD 0.5.0 jax backend; joint order from handle _meta
2026-08-18T03:41:56,panda,grid_rbd,FD,1,7,gpu,0.1479,0.1615,2.609e-07,1.0,1.0,19025.0,stock GRiD 0.5.0 jax backend; joint order from handle _meta
2026-08-18T03:41:56,panda,grid_rbd,CRBA,1,7,gpu,0.0954,0.1066,2.344e-07,1.0,1.0,19025.0,stock GRiD 0.5.0 jax backend; joint order from handle _meta
2026-08-18T03:41:56,panda,grid_rbd,MINV,1,7,gpu,0.1052,0.1161,2.37e-07,3.0,3.0,19025.0,stock GRiD 0.5.0 jax backend; joint order from handle _meta
2026-08-18T03:41:56,panda,grid_rbd,IDdu,1,7,gpu,0.1488,0.1521,,3.0,3.0,19025.0,stock GRiD 0.5.0 jax backend; joint order from handle _meta
2026-08-18T03:41:56,panda,grid_rbd,FDdu,1,7,gpu,0.1847,0.1949,,3.0,3.0,19025.0,stock GRiD 0.5.0 jax backend; joint order from handle _meta
2026-08-18T03:41:56,panda,grid_rbd,ID,16,7,gpu,0.1268,0.1354,1.169e-07,3.0,3.0,19025.0,stock GRiD 0.5.0 jax backend; joint order from handle _meta
2026-08-18T03:41:56,panda,grid_rbd,FD,16,7,gpu,0.1495,0.1571,2.852e-07,4.0,3.5,19025.0,stock GRiD 0.5.0 jax backend; joint order from handle _meta
2026-08-18T03:41:56,panda,grid_rbd,CRBA,16,7,gpu,0.0978,0.1034,2.21e-07,4.0,4.0,19025.0,stock GRiD 0.5.0 jax backend; joint order from handle _meta
2026-08-18T03:41:56,panda,grid_rbd,MINV,16,7,gpu,0.1076,0.1132,2.634e-07,4.0,4.0,19025.0,stock GRiD 0.5.0 jax backend; joint order from handle _meta
2026-08-18T03:41:56,panda,grid_rbd,IDdu,16,7,gpu,0.1496,0.1538,,4.0,4.0,19025.0,stock GRiD 0.5.0 jax backend; joint order from handle _meta
2026-08-18T03:41:56,panda,grid_rbd,FDdu,16,7,gpu,0.1844,0.19,,0.0,0.0,19025.0,stock GRiD 0.5.0 jax backend; joint order from handle _meta
2026-08-18T03:41:56,panda,grid_rbd,ID,64,7,gpu,0.1333,0.1342,1.817e-07,0.0,0.0,19025.0,stock GRiD 0.5.0 jax backend; joint order from handle _meta
2026-08-18T03:41:56,panda,grid_rbd,FD,64,7,gpu,0.1497,0.1619,3.683e-07,0.0,0.0,19025.0,stock GRiD 0.5.0 jax backend; joint order from handle _meta
2026-08-18T03:41:56,panda,grid_rbd,CRBA,64,7,gpu,0.1003,0.1075,2.649e-07,0.0,0.0,19025.0,stock GRiD 0.5.0 jax backend; joint order from handle _meta
2026-08-18T03:41:56,panda,grid_rbd,MINV,64,7,gpu,0.1059,0.1127,3.953e-07,2.0,1.0,19025.0,stock GRiD 0.5.0 jax backend; joint order from handle _meta
2026-08-18T03:41:56,panda,grid_rbd,IDdu,64,7,gpu,0.1516,0.1635,,2.0,2.0,19025.0,stock GRiD 0.5.0 jax backend; joint order from handle _meta
2026-08-18T03:41:56,panda,grid_rbd,FDdu,64,7,gpu,0.1909,0.1989,,2.0,2.0,19025.0,stock GRiD 0.5.0 jax backend; joint order from handle _meta
2026-08-18T03:41:56,panda,grid_rbd,ID,256,7,gpu,0.1505,0.1535,2.547e-07,2.0,2.0,19025.0,stock GRiD 0.5.0 jax backend; joint order from handle _meta
2026-08-18T03:41:56,panda,grid_rbd,FD,256,7,gpu,0.1745,0.1842,3.017e-07,3.0,2.3,19027.0,stock GRiD 0.5.0 jax backend; joint order from handle _meta
2026-08-18T03:41:56,panda,grid_rbd,CRBA,256,7,gpu,0.1385,0.1448,2.664e-07,3.0,3.0,19027.0,stock GRiD 0.5.0 jax backend; joint order from handle _meta
2026-08-18T03:41:56,panda,grid_rbd,MINV,256,7,gpu,0.1334,0.1371,4.052e-07,3.0,3.0,19027.0,stock GRiD 0.5.0 jax backend; joint order from handle _meta
2026-08-18T03:41:56,panda,grid_rbd,IDdu,256,7,gpu,0.1729,0.1936,,3.0,3.0,19027.0,stock GRiD 0.5.0 jax backend; joint order from handle _meta
2026-08-18T03:41:56,panda,grid_rbd,FDdu,256,7,gpu,0.3161,0.3258,,0.0,0.0,19027.0,stock GRiD 0.5.0 jax backend; joint order from handle _meta
2026-08-18T03:41:56,panda,grid_rbd,ID,1024,7,gpu,0.2494,0.2542,2.313e-07,0.0,0.0,19027.0,stock GRiD 0.5.0 jax backend; joint order from handle _meta
2026-08-18T03:41:56,panda,grid_rbd,FD,1024,7,gpu,0.351,0.3532,1.758e-07,0.0,0.0,19027.0,stock GRiD 0.5.0 jax backend; joint order from handle _meta
2026-08-18T03:41:56,panda,grid_rbd,CRBA,1024,7,gpu,0.2491,0.2539,3.27e-07,0.0,0.0,19027.0,stock GRiD 0.5.0 jax backend; joint order from handle _meta
2026-08-18T03:41:56,panda,grid_rbd,MINV,1024,7,gpu,0.2513,0.255,4.773e-07,10.0,10.0,19027.0,stock GRiD 0.5.0 jax backend; joint order from handle _meta
2026-08-18T03:41:56,panda,grid_rbd,IDdu,1024,7,gpu,0.3621,0.3652,,10.0,10.0,19027.0,stock GRiD 0.5.0 jax backend; joint order from handle _meta
2026-08-18T03:41:56,panda,grid_rbd,FDdu,1024,7,gpu,0.6822,0.6866,,10.0,10.0,19027.0,stock GRiD 0.5.0 jax backend; joint order from handle _meta
2026-08-18T03:41:56,panda,grid_rbd,ID,4096,7,gpu,0.6242,0.6321,2.056e-07,1.0,1.0,19027.0,stock GRiD 0.5.0 jax backend; joint order from handle _meta
2026-08-18T03:41:56,panda,grid_rbd,FD,4096,7,gpu,0.9778,0.9863,2.799e-07,1.0,1.0,19027.0,stock GRiD 0.5.0 jax backend; joint order from handle _meta
2026-08-18T03:41:56,panda,grid_rbd,CRBA,4096,7,gpu,0.6594,0.6699,3.375e-07,1.0,1.0,19027.0,stock GRiD 0.5.0 jax backend; joint order from handle _meta
2026-08-18T03:41:56,panda,grid_rbd,MINV,4096,7,gpu,0.7037,0.723,4.144e-07,18.0,15.6,19027.0,stock GRiD 0.5.0 jax backend; joint order from handle _meta
2026-08-18T03:41:56,panda,grid_rbd,IDdu,4096,7,gpu,1.003,1.01,,18.0,18.0,19027.0,stock GRiD 0.5.0 jax backend; joint order from handle _meta
2026-08-18T03:41:56,panda,grid_rbd,FDdu,4096,7,gpu,2.1303,2.133,,18.0,18.0,19027.0,stock GRiD 0.5.0 jax backend; joint order from handle _meta
2026-08-18T03:42:02,panda,frax,ID,1,7,gpu,0.1612,0.1651,0.0001613,5.0,5.0,18785.0,
2026-08-18T03:42:02,panda,frax,FD,1,7,gpu,0.2686,0.2706,0.0008848,2.0,1.2,18821.0,
2026-08-18T03:42:02,panda,frax,CRBA,1,7,gpu,0.1308,0.1371,0.0002514,2.0,0.8,18821.0,
2026-08-18T03:42:02,panda,frax,ID,16,7,gpu,0.2034,0.2091,0.0005371,16.0,16.0,18821.0,
2026-08-18T03:42:02,panda,frax,FD,16,7,gpu,0.2834,0.2908,0.001159,0.0,0.0,18823.0,
2026-08-18T03:42:02,panda,frax,CRBA,16,7,gpu,0.174,0.1786,0.0009918,0.0,0.0,18823.0,
2026-08-18T03:42:02,panda,frax,ID,64,7,gpu,0.2208,0.2295,0.0004899,31.0,31.0,18823.0,
2026-08-18T03:42:02,panda,frax,FD,64,7,gpu,0.3169,0.3348,0.001387,5.0,1.7,18823.0,
2026-08-18T03:42:02,panda,frax,CRBA,64,7,gpu,0.1703,0.1819,0.001555,16.0,16.0,18823.0,
2026-08-18T03:42:02,panda,frax,ID,256,7,gpu,0.2361,0.244,0.0009156,0.0,0.0,18823.0,
2026-08-18T03:42:02,panda,frax,FD,256,7,gpu,0.3533,0.3596,0.002486,5.0,2.8,18823.0,
2026-08-18T03:42:02,panda,frax,CRBA,256,7,gpu,0.1787,0.1877,0.001426,14.0,14.0,18823.0,
2026-08-18T03:42:02,panda,frax,ID,1024,7,gpu,0.2958,0.3045,0.001075,0.0,0.0,18823.0,
2026-08-18T03:42:02,panda,frax,FD,1024,7,gpu,0.4216,0.4298,0.002157,8.0,8.0,18823.0,
2026-08-18T03:42:02,panda,frax,CRBA,1024,7,gpu,0.215,0.2219,0.001661,0.0,0.0,18825.0,
2026-08-18T03:42:02,panda,frax,ID,4096,7,gpu,0.4751,0.4804,0.0008496,28.0,28.0,18825.0,
2026-08-18T03:42:02,panda,frax,FD,4096,7,gpu,0.7494,0.7548,0.002509,14.0,14.0,18825.0,
2026-08-18T03:42:02,panda,frax,CRBA,4096,7,gpu,0.3799,0.3867,0.001999,0.0,0.0,18825.0,
2026-08-18T03:42:18,panda,mjx,ID,1,7,gpu,0.3735,0.3942,7.838e-08,0.0,0.0,18777.0,URDF via built-in compiler; ID = mul_m + qfrc_bias after explicit crb (mjx.inverse reads a stale M); CRBA via crb + full_m
2026-08-18T03:42:18,panda,mjx,FD,1,7,gpu,0.4809,0.4979,5.708e-07,0.0,0.0,18821.0,URDF via built-in compiler; ID = mul_m + qfrc_bias after explicit crb (mjx.inverse reads a stale M); CRBA via crb + full_m
2026-08-18T03:42:18,panda,mjx,CRBA,1,7,gpu,0.2741,0.2952,3.217e-07,0.0,0.0,18823.0,URDF via built-in compiler; ID = mul_m + qfrc_bias after explicit crb (mjx.inverse reads a stale M); CRBA via crb + full_m
2026-08-18T03:42:18,panda,mjx,ID,16,7,gpu,0.3463,0.3563,3.601e-07,0.0,0.0,18823.0,URDF via built-in compiler; ID = mul_m + qfrc_bias after explicit crb (mjx.inverse reads a stale M); CRBA via crb + full_m
2026-08-18T03:42:18,panda,mjx,FD,16,7,gpu,0.5275,0.5417,2.212e-06,1.0,0.1,18823.0,URDF via built-in compiler; ID = mul_m + qfrc_bias after explicit crb (mjx.inverse reads a stale M); CRBA via crb + full_m
2026-08-18T03:42:18,panda,mjx,CRBA,16,7,gpu,0.262,0.2669,6.821e-07,0.0,0.0,18823.0,URDF via built-in compiler; ID = mul_m + qfrc_bias after explicit crb (mjx.inverse reads a stale M); CRBA via crb + full_m
2026-08-18T03:42:18,panda,mjx,ID,64,7,gpu,0.4147,0.4421,2.933e-07,0.0,0.0,18823.0,URDF via built-in compiler; ID = mul_m + qfrc_bias after explicit crb (mjx.inverse reads a stale M); CRBA via crb + full_m
2026-08-18T03:42:18,panda,mjx,FD,64,7,gpu,0.5053,0.5132,1.056e-06,0.0,0.0,18825.0,URDF via built-in compiler; ID = mul_m + qfrc_bias after explicit crb (mjx.inverse reads a stale M); CRBA via crb + full_m
2026-08-18T03:42:18,panda,mjx,CRBA,64,7,gpu,0.2976,0.3065,7.984e-07,0.0,0.0,18825.0,URDF via built-in compiler; ID = mul_m + qfrc_bias after explicit crb (mjx.inverse reads a stale M); CRBA via crb + full_m
2026-08-18T03:42:18,panda,mjx,ID,256,7,gpu,0.454,0.4635,4.199e-07,1.0,0.2,18825.0,URDF via built-in compiler; ID = mul_m + qfrc_bias after explicit crb (mjx.inverse reads a stale M); CRBA via crb + full_m
2026-08-18T03:42:18,panda,mjx,FD,256,7,gpu,0.5663,0.5775,1.694e-06,0.0,0.0,18825.0,URDF via built-in compiler; ID = mul_m + qfrc_bias after explicit crb (mjx.inverse reads a stale M); CRBA via crb + full_m
2026-08-18T03:42:18,panda,mjx,CRBA,256,7,gpu,0.3243,0.3349,7.961e-07,0.0,0.0,18827.0,URDF via built-in compiler; ID = mul_m + qfrc_bias after explicit crb (mjx.inverse reads a stale M); CRBA via crb + full_m
2026-08-18T03:42:18,panda,mjx,ID,1024,7,gpu,0.5504,0.5631,4.758e-07,0.0,0.0,18827.0,URDF via built-in compiler; ID = mul_m + qfrc_bias after explicit crb (mjx.inverse reads a stale M); CRBA via crb + full_m
2026-08-18T03:42:18,panda,mjx,FD,1024,7,gpu,0.6473,0.6551,1.113e-06,0.0,0.0,18827.0,URDF via built-in compiler; ID = mul_m + qfrc_bias after explicit crb (mjx.inverse reads a stale M); CRBA via crb + full_m
2026-08-18T03:42:18,panda,mjx,CRBA,1024,7,gpu,0.3571,0.3795,8.559e-07,6.0,1.0,18827.0,URDF via built-in compiler; ID = mul_m + qfrc_bias after explicit crb (mjx.inverse reads a stale M); CRBA via crb + full_m
2026-08-18T03:42:18,panda,mjx,ID,4096,7,gpu,0.7082,0.7165,4.605e-07,0.0,0.0,18827.0,URDF via built-in compiler; ID = mul_m + qfrc_bias after explicit crb (mjx.inverse reads a stale M); CRBA via crb + full_m
2026-08-18T03:42:18,panda,mjx,FD,4096,7,gpu,0.9225,0.9264,1.873e-06,0.0,0.0,18827.0,URDF via built-in compiler; ID = mul_m + qfrc_bias after explicit crb (mjx.inverse reads a stale M); CRBA via crb + full_m
2026-08-18T03:42:18,panda,mjx,CRBA,4096,7,gpu,0.5363,0.5428,9.684e-07,7.0,1.5,18829.0,URDF via built-in compiler; ID = mul_m + qfrc_bias after explicit crb (mjx.inverse reads a stale M); CRBA via crb + full_m
2026-08-18T03:44:19,panda,brax,ID,1,7,gpu,0.3194,0.3295,1.566e-07,0.0,0.0,18777.0,ID = M(q)@qdd + bias (no qdd-aware RNEA in brax)
2026-08-18T03:44:19,panda,brax,FD,1,7,gpu,0.413,0.4357,2.556e-07,5.0,0.5,18821.0,ID = M(q)@qdd + bias (no qdd-aware RNEA in brax)
2026-08-18T03:44:19,panda,brax,ID,16,7,gpu,0.3971,0.4028,8.929e-05,0.0,0.0,18823.0,ID = M(q)@qdd + bias (no qdd-aware RNEA in brax)
2026-08-18T03:44:19,panda,brax,FD,16,7,gpu,0.4778,0.4891,0.0007852,0.0,0.0,18823.0,ID = M(q)@qdd + bias (no qdd-aware RNEA in brax)
2026-08-18T03:44:19,panda,brax,ID,64,7,gpu,0.3864,0.4049,9.051e-05,0.0,0.0,18823.0,ID = M(q)@qdd + bias (no qdd-aware RNEA in brax)
2026-08-18T03:44:19,panda,brax,FD,64,7,gpu,0.487,0.4989,0.0006249,0.0,0.0,18823.0,ID = M(q)@qdd + bias (no qdd-aware RNEA in brax)
2026-08-18T03:44:19,panda,brax,ID,256,7,gpu,0.3845,0.3947,0.0001031,0.0,0.0,18823.0,ID = M(q)@qdd + bias (no qdd-aware RNEA in brax)
2026-08-18T03:44:19,panda,brax,FD,256,7,gpu,0.4918,0.4989,0.0005656,0.0,0.0,18823.0,ID = M(q)@qdd + bias (no qdd-aware RNEA in brax)
2026-08-18T03:44:19,panda,brax,ID,1024,7,gpu,0.5112,0.5156,0.0001115,0.0,0.0,18825.0,ID = M(q)@qdd + bias (no qdd-aware RNEA in brax)
2026-08-18T03:44:19,panda,brax,FD,1024,7,gpu,0.6255,0.6516,0.0004989,0.0,0.0,18825.0,ID = M(q)@qdd + bias (no qdd-aware RNEA in brax)
2026-08-18T03:44:19,panda,brax,ID,4096,7,gpu,0.8251,0.8276,0.0001057,0.0,0.0,18825.0,ID = M(q)@qdd + bias (no qdd-aware RNEA in brax)
2026-08-18T03:44:19,panda,brax,FD,4096,7,gpu,1.0911,1.092,0.0008422,0.0,0.0,18827.0,ID = M(q)@qdd + bias (no qdd-aware RNEA in brax)
2026-08-18T03:45:03,panda,pinocchio,ID,1,7,cpu,0.0085,0.0112,3.787e-16,,,,python-loop batching
2026-08-18T03:45:03,panda,pinocchio,FD,1,7,cpu,0.0091,0.0096,5.031e-16,,,,python-loop batching
2026-08-18T03:45:03,panda,pinocchio,CRBA,1,7,cpu,0.0092,0.0105,5.36e-16,,,,python-loop batching
2026-08-18T03:45:03,panda,pinocchio,ID,16,7,cpu,0.1265,0.1393,3.699e-16,,,,python-loop batching
2026-08-18T03:45:03,panda,pinocchio,FD,16,7,cpu,0.1388,0.1512,1.221e-15,,,,python-loop batching
2026-08-18T03:45:03,panda,pinocchio,CRBA,16,7,cpu,0.1338,0.1519,3.491e-16,,,,python-loop batching
2026-08-18T03:45:03,panda,pinocchio,ID,64,7,cpu,0.5062,0.5173,2.816e-16,,,,python-loop batching
2026-08-18T03:45:03,panda,pinocchio,FD,64,7,cpu,0.5691,0.5812,2.102e-15,,,,python-loop batching
2026-08-18T03:45:03,panda,pinocchio,CRBA,64,7,cpu,0.5494,0.5603,4.345e-16,,,,python-loop batching
2026-08-18T03:45:03,panda,pinocchio,ID,256,7,cpu,2.037,2.0609,5.059e-16,,,,python-loop batching
2026-08-18T03:45:03,panda,pinocchio,FD,256,7,cpu,2.2365,2.2601,2.376e-15,,,,python-loop batching
2026-08-18T03:45:03,panda,pinocchio,CRBA,256,7,cpu,2.1517,2.1829,6.264e-16,,,,python-loop batching
2026-08-18T03:45:03,panda,pinocchio,ID,1024,7,cpu,8.0189,8.2137,4.133e-16,,,,python-loop batching
2026-08-18T03:45:03,panda,pinocchio,FD,1024,7,cpu,8.9522,9.1223,1.927e-15,,,,python-loop batching
2026-08-18T03:45:03,panda,pinocchio,CRBA,1024,7,cpu,8.5803,8.6185,6.237e-16,,,,python-loop batching
2026-08-18T03:45:03,panda,pinocchio,ID,4096,7,cpu,31.8142,32.2599,3.494e-16,,,,python-loop batching
2026-08-18T03:45:03,panda,pinocchio,FD,4096,7,cpu,35.2791,35.5884,2.85e-15,,,,python-loop batching
2026-08-18T03:45:03,panda,pinocchio,CRBA,4096,7,cpu,34.4274,34.9479,7.267e-16,,,,python-loop batching
2026-08-18T03:45:10,panda,rbdl,ID,1,7,cpu,0.002,0.0042,2.524e-16,,,,python-loop batching; assumes URDF document joint order
2026-08-18T03:45:10,panda,rbdl,FD,1,7,cpu,0.003,0.0031,4.574e-16,,,,python-loop batching; assumes URDF document joint order
2026-08-18T03:45:10,panda,rbdl,CRBA,1,7,cpu,0.0018,0.002,3.573e-16,,,,python-loop batching; assumes URDF document joint order
2026-08-18T03:45:10,panda,rbdl,ID,16,7,cpu,0.0249,0.0257,2.466e-16,,,,python-loop batching; assumes URDF document joint order
2026-08-18T03:45:10,panda,rbdl,FD,16,7,cpu,0.0407,0.0465,1.425e-15,,,,python-loop batching; assumes URDF document joint order
2026-08-18T03:45:10,panda,rbdl,CRBA,16,7,cpu,0.0227,0.0234,3.491e-16,,,,python-loop batching; assumes URDF document joint order
2026-08-18T03:45:10,panda,rbdl,ID,64,7,cpu,0.0995,0.1303,2.816e-16,,,,python-loop batching; assumes URDF document joint order
2026-08-18T03:45:10,panda,rbdl,FD,64,7,cpu,0.1623,0.1771,2.002e-15,,,,python-loop batching; assumes URDF document joint order
2026-08-18T03:45:10,panda,rbdl,CRBA,64,7,cpu,0.0891,0.0984,4.345e-16,,,,python-loop batching; assumes URDF document joint order
2026-08-18T03:45:10,panda,rbdl,ID,256,7,cpu,0.4046,0.4153,3.372e-16,,,,python-loop batching; assumes URDF document joint order
2026-08-18T03:45:10,panda,rbdl,FD,256,7,cpu,0.6631,0.6678,1.944e-15,,,,python-loop batching; assumes URDF document joint order
2026-08-18T03:45:10,panda,rbdl,CRBA,256,7,cpu,0.3571,0.374,5.22e-16,,,,python-loop batching; assumes URDF document joint order
2026-08-18T03:45:10,panda,rbdl,ID,1024,7,cpu,1.6342,1.643,2.756e-16,,,,python-loop batching; assumes URDF document joint order
2026-08-18T03:45:10,panda,rbdl,FD,1024,7,cpu,2.6443,2.656,1.927e-15,,,,python-loop batching; assumes URDF document joint order
2026-08-18T03:45:10,panda,rbdl,CRBA,1024,7,cpu,1.4694,1.4859,4.158e-16,,,,python-loop batching; assumes URDF document joint order
2026-08-18T03:45:10,panda,rbdl,ID,4096,7,cpu,6.537,6.5636,3.494e-16,,,,python-loop batching; assumes URDF document joint order
2026-08-18T03:45:10,panda,rbdl,FD,4096,7,cpu,10.5613,10.6101,2.533e-15,,,,python-loop batching; assumes URDF document joint order
2026-08-18T03:45:10,panda,rbdl,CRBA,4096,7,cpu,5.9417,5.9576,6.229e-16,,,,python-loop batching; assumes URDF document joint order
2026-08-18T03:45:18,fetch,pyroffi_jax,ID,1,7,gpu,0.2767,0.2851,1.917e-07,8.0,4.5,18777.0,
2026-08-18T03:45:18,fetch,pyroffi_jax,FD,1,7,gpu,0.6083,0.612,1.387e-07,16.0,2.4,18797.0,
2026-08-18T03:45:18,fetch,pyroffi_jax,CRBA,1,7,gpu,0.2321,0.2341,1.636e-07,0.0,0.0,18799.0,
2026-08-18T03:45:18,fetch,pyroffi_jax,ID,16,7,gpu,0.4585,0.4699,0.0001762,13.0,9.9,18799.0,
2026-08-18T03:45:18,fetch,pyroffi_jax,FD,16,7,gpu,0.804,0.8125,1.321e-05,49.0,8.3,18799.0,
2026-08-18T03:45:18,fetch,pyroffi_jax,CRBA,16,7,gpu,0.7078,0.7106,1.445e-07,0.0,0.0,18799.0,
2026-08-18T03:45:18,fetch,pyroffi_jax,ID,64,7,gpu,0.4702,0.4754,0.000132,59.0,40.7,18799.0,
2026-08-18T03:45:18,fetch,pyroffi_jax,FD,64,7,gpu,0.7975,0.8036,1.954e-05,32.0,6.4,18801.0,
2026-08-18T03:45:18,fetch,pyroffi_jax,CRBA,64,7,gpu,0.7655,0.7681,2.059e-07,0.0,0.0,18801.0,
2026-08-18T03:45:18,fetch,pyroffi_jax,ID,256,7,gpu,0.4256,0.4304,0.0001424,26.0,23.2,18801.0,
2026-08-18T03:45:18,fetch,pyroffi_jax,FD,256,7,gpu,0.8143,0.821,5.344e-05,25.0,5.6,18801.0,
2026-08-18T03:45:18,fetch,pyroffi_jax,CRBA,256,7,gpu,0.9238,0.9427,2.807e-07,0.0,0.0,18801.0,
2026-08-18T03:45:18,fetch,pyroffi_jax,ID,1024,7,gpu,0.4669,0.4794,0.0002361,1.0,0.7,18801.0,
2026-08-18T03:45:18,fetch,pyroffi_jax,FD,1024,7,gpu,0.8895,0.8928,4.069e-05,6.0,1.4,18803.0,
2026-08-18T03:45:18,fetch,pyroffi_jax,CRBA,1024,7,gpu,0.7331,0.7416,2.037e-07,0.0,0.0,18803.0,
2026-08-18T03:45:18,fetch,pyroffi_jax,ID,4096,7,gpu,0.6168,0.6325,0.0001517,0.0,0.0,18803.0,
2026-08-18T03:45:18,fetch,pyroffi_jax,FD,4096,7,gpu,1.3071,1.3131,4.038e-05,13.0,4.4,18803.0,
2026-08-18T03:45:18,fetch,pyroffi_jax,CRBA,4096,7,gpu,1.0089,1.0213,2.949e-07,1.0,0.2,18805.0,
2026-08-18T03:46:14,fetch,pyroffi_grid,ID,1,7,gpu,0.111,0.125,1.288e-07,0.0,0.0,18777.0,pyroffi CUDA path (GRiD codegen via JAX FFI)
2026-08-18T03:46:14,fetch,pyroffi_grid,FD,1,7,gpu,0.1414,0.1606,1.106e-07,0.0,0.0,18777.0,pyroffi CUDA path (GRiD codegen via JAX FFI)
2026-08-18T03:46:14,fetch,pyroffi_grid,CRBA,1,7,gpu,0.1938,0.1995,1.636e-07,0.0,0.0,18777.0,pyroffi CUDA path (GRiD codegen via JAX FFI)
2026-08-18T03:46:14,fetch,pyroffi_grid,MINV,1,7,gpu,0.099,0.1055,4.938e-08,0.0,0.0,18777.0,pyroffi CUDA path (GRiD codegen via JAX FFI)
2026-08-18T03:46:14,fetch,pyroffi_grid,IDdu,1,7,gpu,0.1326,0.1434,,0.0,0.0,18777.0,pyroffi CUDA path (GRiD codegen via JAX FFI)
2026-08-18T03:46:14,fetch,pyroffi_grid,FDdu,1,7,gpu,0.1764,0.1855,,0.0,0.0,18777.0,pyroffi CUDA path (GRiD codegen via JAX FFI)
2026-08-18T03:46:14,fetch,pyroffi_grid,ID,16,7,gpu,0.119,0.1466,1.426e-07,4.0,2.7,18777.0,pyroffi CUDA path (GRiD codegen via JAX FFI)
2026-08-18T03:46:14,fetch,pyroffi_grid,FD,16,7,gpu,0.1398,0.1534,1.207e-07,4.0,4.0,18777.0,pyroffi CUDA path (GRiD codegen via JAX FFI)
2026-08-18T03:46:14,fetch,pyroffi_grid,CRBA,16,7,gpu,0.1864,0.1936,1.476e-07,4.0,4.0,18777.0,pyroffi CUDA path (GRiD codegen via JAX FFI)
2026-08-18T03:46:14,fetch,pyroffi_grid,MINV,16,7,gpu,0.1024,0.1088,1.822e-07,4.0,4.0,18777.0,pyroffi CUDA path (GRiD codegen via JAX FFI)
2026-08-18T03:46:14,fetch,pyroffi_grid,IDdu,16,7,gpu,0.1403,0.1545,,0.0,0.0,18777.0,pyroffi CUDA path (GRiD codegen via JAX FFI)
2026-08-18T03:46:14,fetch,pyroffi_grid,FDdu,16,7,gpu,0.18,0.1963,,0.0,0.0,18777.0,pyroffi CUDA path (GRiD codegen via JAX FFI)
2026-08-18T03:46:14,fetch,pyroffi_grid,ID,64,7,gpu,0.1214,0.1316,1.455e-07,0.0,0.0,18777.0,pyroffi CUDA path (GRiD codegen via JAX FFI)
2026-08-18T03:46:14,fetch,pyroffi_grid,FD,64,7,gpu,0.1437,0.148,2.584e-07,0.0,0.0,18777.0,pyroffi CUDA path (GRiD codegen via JAX FFI)
2026-08-18T03:46:14,fetch,pyroffi_grid,CRBA,64,7,gpu,0.1926,0.199,2.184e-07,2.0,2.0,18777.0,pyroffi CUDA path (GRiD codegen via JAX FFI)
2026-08-18T03:46:14,fetch,pyroffi_grid,MINV,64,7,gpu,0.1028,0.1111,2.093e-07,2.0,2.0,18777.0,pyroffi CUDA path (GRiD codegen via JAX FFI)
2026-08-18T03:46:14,fetch,pyroffi_grid,IDdu,64,7,gpu,0.1434,0.148,,2.0,2.0,18777.0,pyroffi CUDA path (GRiD codegen via JAX FFI)
2026-08-18T03:46:14,fetch,pyroffi_grid,FDdu,64,7,gpu,0.1877,0.196,,2.0,0.5,18777.0,pyroffi CUDA path (GRiD codegen via JAX FFI)
2026-08-18T03:46:14,fetch,pyroffi_grid,ID,256,7,gpu,0.1303,0.1327,2.028e-07,0.0,0.0,18777.0,pyroffi CUDA path (GRiD codegen via JAX FFI)
2026-08-18T03:46:14,fetch,pyroffi_grid,FD,256,7,gpu,0.2001,0.2065,8.171e-07,0.0,0.0,18777.0,pyroffi CUDA path (GRiD codegen via JAX FFI)
2026-08-18T03:46:14,fetch,pyroffi_grid,CRBA,256,7,gpu,0.2388,0.2434,2.396e-07,0.0,0.0,18777.0,pyroffi CUDA path (GRiD codegen via JAX FFI)
2026-08-18T03:46:14,fetch,pyroffi_grid,MINV,256,7,gpu,0.1306,0.1566,7.559e-07,0.0,0.0,18777.0,pyroffi CUDA path (GRiD codegen via JAX FFI)
2026-08-18T03:46:14,fetch,pyroffi_grid,IDdu,256,7,gpu,0.1671,0.1745,,0.0,0.0,18777.0,pyroffi CUDA path (GRiD codegen via JAX FFI)
2026-08-18T03:46:14,fetch,pyroffi_grid,FDdu,256,7,gpu,0.2261,0.2537,,0.0,0.0,18777.0,pyroffi CUDA path (GRiD codegen via JAX FFI)
2026-08-18T03:46:14,fetch,pyroffi_grid,ID,1024,7,gpu,0.2338,0.2468,2.366e-07,0.0,0.0,18777.0,pyroffi CUDA path (GRiD codegen via JAX FFI)
2026-08-18T03:46:14,fetch,pyroffi_grid,FD,1024,7,gpu,0.4208,0.4217,6.504e-07,0.0,0.0,18777.0,pyroffi CUDA path (GRiD codegen via JAX FFI)
2026-08-18T03:46:14,fetch,pyroffi_grid,CRBA,1024,7,gpu,0.6932,0.694,2.605e-07,0.0,0.0,18777.0,pyroffi CUDA path (GRiD codegen via JAX FFI)
2026-08-18T03:46:14,fetch,pyroffi_grid,MINV,1024,7,gpu,0.2518,0.2549,8.134e-07,19.0,7.6,18777.0,pyroffi CUDA path (GRiD codegen via JAX FFI)
2026-08-18T03:46:14,fetch,pyroffi_grid,IDdu,1024,7,gpu,0.3417,0.3489,,19.0,19.0,18777.0,pyroffi CUDA path (GRiD codegen via JAX FFI)
2026-08-18T03:46:14,fetch,pyroffi_grid,FDdu,1024,7,gpu,0.5529,0.5579,,19.0,19.0,18777.0,pyroffi CUDA path (GRiD codegen via JAX FFI)
2026-08-18T03:46:14,fetch,pyroffi_grid,ID,4096,7,gpu,0.6062,0.6107,2.171e-07,19.0,15.8,18777.0,pyroffi CUDA path (GRiD codegen via JAX FFI)
2026-08-18T03:46:14,fetch,pyroffi_grid,FD,4096,7,gpu,1.2129,1.2336,4.559e-07,15.0,15.0,18777.0,pyroffi CUDA path (GRiD codegen via JAX FFI)
2026-08-18T03:46:14,fetch,pyroffi_grid,CRBA,4096,7,gpu,2.4686,2.4761,2.846e-07,15.0,15.0,18777.0,pyroffi CUDA path (GRiD codegen via JAX FFI)
2026-08-18T03:46:14,fetch,pyroffi_grid,MINV,4096,7,gpu,0.7129,0.7174,1.087e-06,26.0,26.0,18777.0,pyroffi CUDA path (GRiD codegen via JAX FFI)
2026-08-18T03:46:14,fetch,pyroffi_grid,IDdu,4096,7,gpu,1.0054,1.0084,,26.0,26.0,18777.0,pyroffi CUDA path (GRiD codegen via JAX FFI)
2026-08-18T03:46:14,fetch,pyroffi_grid,FDdu,4096,7,gpu,1.8142,1.8536,,28.0,27.4,18777.0,pyroffi CUDA path (GRiD codegen via JAX FFI)
2026-08-18T03:49:04,fetch,grid_rbd,ID,1,7,gpu,0.1212,0.1412,1.288e-07,3.0,3.0,19027.0,stock GRiD 0.5.0 jax backend; joint order from handle _meta
2026-08-18T03:49:04,fetch,grid_rbd,FD,1,7,gpu,0.1514,0.1549,1.316e-07,2.0,2.0,19027.0,stock GRiD 0.5.0 jax backend; joint order from handle _meta
2026-08-18T03:49:04,fetch,grid_rbd,CRBA,1,7,gpu,0.0944,0.1021,1.636e-07,2.0,2.0,19027.0,stock GRiD 0.5.0 jax backend; joint order from handle _meta
2026-08-18T03:49:04,fetch,grid_rbd,MINV,1,7,gpu,0.112,0.1357,5.436e-08,2.0,2.0,19027.0,stock GRiD 0.5.0 jax backend; joint order from handle _meta
2026-08-18T03:49:04,fetch,grid_rbd,IDdu,1,7,gpu,0.1581,0.1607,,2.0,2.0,19027.0,stock GRiD 0.5.0 jax backend; joint order from handle _meta
2026-08-18T03:49:04,fetch,grid_rbd,FDdu,1,7,gpu,0.1924,0.1985,,2.0,2.0,19027.0,stock GRiD 0.5.0 jax backend; joint order from handle _meta
2026-08-18T03:49:04,fetch,grid_rbd,ID,16,7,gpu,0.1321,0.1341,1.426e-07,3.0,3.0,19027.0,stock GRiD 0.5.0 jax backend; joint order from handle _meta
2026-08-18T03:49:04,fetch,grid_rbd,FD,16,7,gpu,0.1551,0.1635,1.124e-07,3.0,3.0,19027.0,stock GRiD 0.5.0 jax backend; joint order from handle _meta
2026-08-18T03:49:04,fetch,grid_rbd,CRBA,16,7,gpu,0.0978,0.1052,2.324e-07,3.0,3.0,19027.0,stock GRiD 0.5.0 jax backend; joint order from handle _meta
2026-08-18T03:49:04,fetch,grid_rbd,MINV,16,7,gpu,0.1049,0.1124,1.822e-07,3.0,3.0,19027.0,stock GRiD 0.5.0 jax backend; joint order from handle _meta
2026-08-18T03:49:04,fetch,grid_rbd,IDdu,16,7,gpu,0.1433,0.155,,2.0,2.0,19027.0,stock GRiD 0.5.0 jax backend; joint order from handle _meta
2026-08-18T03:49:04,fetch,grid_rbd,FDdu,16,7,gpu,0.1953,0.2088,,2.0,2.0,19027.0,stock GRiD 0.5.0 jax backend; joint order from handle _meta
2026-08-18T03:49:04,fetch,grid_rbd,ID,64,7,gpu,0.1357,0.1404,1.455e-07,2.0,2.0,19027.0,stock GRiD 0.5.0 jax backend; joint order from handle _meta
2026-08-18T03:49:04,fetch,grid_rbd,FD,64,7,gpu,0.1523,0.161,2.584e-07,2.0,2.0,19027.0,stock GRiD 0.5.0 jax backend; joint order from handle _meta
2026-08-18T03:49:04,fetch,grid_rbd,CRBA,64,7,gpu,0.1002,0.106,2.059e-07,3.0,2.7,19027.0,stock GRiD 0.5.0 jax backend; joint order from handle _meta
2026-08-18T03:49:04,fetch,grid_rbd,MINV,64,7,gpu,0.1048,0.1158,2.498e-07,3.0,3.0,19027.0,stock GRiD 0.5.0 jax backend; joint order from handle _meta
2026-08-18T03:49:04,fetch,grid_rbd,IDdu,64,7,gpu,0.1443,0.1643,,3.0,3.0,19027.0,stock GRiD 0.5.0 jax backend; joint order from handle _meta
2026-08-18T03:49:04,fetch,grid_rbd,FDdu,64,7,gpu,0.195,0.1993,,3.0,3.0,19027.0,stock GRiD 0.5.0 jax backend; joint order from handle _meta
2026-08-18T03:49:04,fetch,grid_rbd,ID,256,7,gpu,0.1496,0.1538,2.028e-07,4.0,4.0,19027.0,stock GRiD 0.5.0 jax backend; joint order from handle _meta
2026-08-18T03:49:04,fetch,grid_rbd,FD,256,7,gpu,0.1756,0.1782,1.674e-06,4.0,4.0,19027.0,stock GRiD 0.5.0 jax backend; joint order from handle _meta
2026-08-18T03:49:04,fetch,grid_rbd,CRBA,256,7,gpu,0.1453,0.1558,2.184e-07,4.0,4.0,19027.0,stock GRiD 0.5.0 jax backend; joint order from handle _meta
2026-08-18T03:49:04,fetch,grid_rbd,MINV,256,7,gpu,0.1331,0.1416,1.631e-06,4.0,4.0,19027.0,stock GRiD 0.5.0 jax backend; joint order from handle _meta
2026-08-18T03:49:04,fetch,grid_rbd,IDdu,256,7,gpu,0.218,0.2239,,0.0,0.0,19027.0,stock GRiD 0.5.0 jax backend; joint order from handle _meta
2026-08-18T03:49:04,fetch,grid_rbd,FDdu,256,7,gpu,0.2386,0.2439,,0.0,0.0,19027.0,stock GRiD 0.5.0 jax backend; joint order from handle _meta
2026-08-18T03:49:04,fetch,grid_rbd,ID,1024,7,gpu,0.2668,0.2755,2.366e-07,0.0,0.0,19027.0,stock GRiD 0.5.0 jax backend; joint order from handle _meta
2026-08-18T03:49:04,fetch,grid_rbd,FD,1024,7,gpu,0.3609,0.3701,8.334e-07,0.0,0.0,19027.0,stock GRiD 0.5.0 jax backend; joint order from handle _meta
2026-08-18T03:49:04,fetch,grid_rbd,CRBA,1024,7,gpu,0.2709,0.2854,2.476e-07,7.0,7.0,19027.0,stock GRiD 0.5.0 jax backend; joint order from handle _meta
2026-08-18T03:49:04,fetch,grid_rbd,MINV,1024,7,gpu,0.2655,0.2702,1.453e-06,7.0,7.0,19027.0,stock GRiD 0.5.0 jax backend; joint order from handle _meta
2026-08-18T03:49:04,fetch,grid_rbd,IDdu,1024,7,gpu,0.4417,0.4507,,7.0,7.0,19027.0,stock GRiD 0.5.0 jax backend; joint order from handle _meta
2026-08-18T03:49:04,fetch,grid_rbd,FDdu,1024,7,gpu,0.58,0.5846,,0.0,0.0,19027.0,stock GRiD 0.5.0 jax backend; joint order from handle _meta
2026-08-18T03:49:04,fetch,grid_rbd,ID,4096,7,gpu,0.6512,0.6631,2.171e-07,0.0,0.0,19027.0,stock GRiD 0.5.0 jax backend; joint order from handle _meta
2026-08-18T03:49:04,fetch,grid_rbd,FD,4096,7,gpu,1.021,1.0327,8.542e-07,0.0,0.0,19027.0,stock GRiD 0.5.0 jax backend; joint order from handle _meta
2026-08-18T03:49:04,fetch,grid_rbd,CRBA,4096,7,gpu,0.7081,0.7142,2.544e-07,29.0,24.2,19027.0,stock GRiD 0.5.0 jax backend; joint order from handle _meta
2026-08-18T03:49:04,fetch,grid_rbd,MINV,4096,7,gpu,0.7492,0.7665,1.567e-06,29.0,29.0,19027.0,stock GRiD 0.5.0 jax backend; joint order from handle _meta
2026-08-18T03:49:04,fetch,grid_rbd,IDdu,4096,7,gpu,1.2567,1.2691,,29.0,29.0,19027.0,stock GRiD 0.5.0 jax backend; joint order from handle _meta
2026-08-18T03:49:04,fetch,grid_rbd,FDdu,4096,7,gpu,1.862,1.8665,,3.0,3.0,19027.0,stock GRiD 0.5.0 jax backend; joint order from handle _meta
2026-08-18T03:49:10,fetch,frax,ID,1,7,gpu,0.1708,0.2079,0.0001647,0.0,0.0,18785.0,
2026-08-18T03:49:10,fetch,frax,FD,1,7,gpu,0.2697,0.2818,0.02065,0.0,0.0,18821.0,
2026-08-18T03:49:10,fetch,frax,CRBA,1,7,gpu,0.1393,0.1448,0.0009494,9.0,9.0,18821.0,
2026-08-18T03:49:10,fetch,frax,ID,16,7,gpu,0.2067,0.2139,0.0003466,0.0,0.0,18821.0,
2026-08-18T03:49:10,fetch,frax,FD,16,7,gpu,0.2981,0.3286,0.188,29.0,29.0,18823.0,
2026-08-18T03:49:10,fetch,frax,CRBA,16,7,gpu,0.1706,0.1801,0.0009561,4.0,2.0,18823.0,
2026-08-18T03:49:10,fetch,frax,ID,64,7,gpu,0.2115,0.2191,0.0007387,0.0,0.0,18823.0,
2026-08-18T03:49:10,fetch,frax,FD,64,7,gpu,0.3113,0.3158,0.151,25.0,25.0,18823.0,
2026-08-18T03:49:10,fetch,frax,CRBA,64,7,gpu,0.1716,0.1782,0.001306,0.0,0.0,18823.0,
2026-08-18T03:49:10,fetch,frax,ID,256,7,gpu,0.2346,0.2427,0.001074,13.0,6.1,18823.0,
2026-08-18T03:49:10,fetch,frax,FD,256,7,gpu,0.3618,0.3623,0.2252,12.0,8.5,18823.0,
2026-08-18T03:49:10,fetch,frax,CRBA,256,7,gpu,0.1862,0.2032,0.001922,0.0,0.0,18823.0,
2026-08-18T03:49:10,fetch,frax,ID,1024,7,gpu,0.2899,0.3131,0.0007654,1.0,0.6,18823.0,
2026-08-18T03:49:10,fetch,frax,FD,1024,7,gpu,0.4357,0.441,0.8589,10.0,10.0,18823.0,
2026-08-18T03:49:10,fetch,frax,CRBA,1024,7,gpu,0.2235,0.2398,0.002185,0.0,0.0,18823.0,
2026-08-18T03:49:10,fetch,frax,ID,4096,7,gpu,0.4737,0.4954,0.001155,36.0,36.0,18825.0,
2026-08-18T03:49:10,fetch,frax,FD,4096,7,gpu,0.741,0.761,0.5489,15.0,15.0,18825.0,
2026-08-18T03:49:10,fetch,frax,CRBA,4096,7,gpu,0.379,0.3867,0.002207,20.0,20.0,18825.0,
2026-08-18T03:49:28,fetch,mjx,ID,1,7,gpu,0.38,0.3921,4.773e-08,1.0,0.1,18777.0,URDF via built-in compiler; ID = mul_m + qfrc_bias after explicit crb (mjx.inverse reads a stale M); CRBA via crb + full_m
2026-08-18T03:49:28,fetch,mjx,FD,1,7,gpu,0.4889,0.5134,2.379e-06,0.0,0.0,18821.0,URDF via built-in compiler; ID = mul_m + qfrc_bias after explicit crb (mjx.inverse reads a stale M); CRBA via crb + full_m
2026-08-18T03:49:28,fetch,mjx,CRBA,1,7,gpu,0.2819,0.2968,7.927e-08,1.0,0.2,18823.0,URDF via built-in compiler; ID = mul_m + qfrc_bias after explicit crb (mjx.inverse reads a stale M); CRBA via crb + full_m
2026-08-18T03:49:28,fetch,mjx,ID,16,7,gpu,0.4205,0.441,3.294e-07,0.0,0.0,18823.0,URDF via built-in compiler; ID = mul_m + qfrc_bias after explicit crb (mjx.inverse reads a stale M); CRBA via crb + full_m
2026-08-18T03:49:28,fetch,mjx,FD,16,7,gpu,0.5412,0.5613,2.301e-06,0.0,0.0,18823.0,URDF via built-in compiler; ID = mul_m + qfrc_bias after explicit crb (mjx.inverse reads a stale M); CRBA via crb + full_m
2026-08-18T03:49:28,fetch,mjx,CRBA,16,7,gpu,0.3353,0.3498,5.212e-07,0.0,0.0,18823.0,URDF via built-in compiler; ID = mul_m + qfrc_bias after explicit crb (mjx.inverse reads a stale M); CRBA via crb + full_m
2026-08-18T03:49:28,fetch,mjx,ID,64,7,gpu,0.3935,0.4016,3.048e-07,0.0,0.0,18825.0,URDF via built-in compiler; ID = mul_m + qfrc_bias after explicit crb (mjx.inverse reads a stale M); CRBA via crb + full_m
2026-08-18T03:49:28,fetch,mjx,FD,64,7,gpu,0.482,0.4834,2.289e-06,1.0,0.1,18825.0,URDF via built-in compiler; ID = mul_m + qfrc_bias after explicit crb (mjx.inverse reads a stale M); CRBA via crb + full_m
2026-08-18T03:49:28,fetch,mjx,CRBA,64,7,gpu,0.2761,0.2879,4.976e-07,0.0,0.0,18825.0,URDF via built-in compiler; ID = mul_m + qfrc_bias after explicit crb (mjx.inverse reads a stale M); CRBA via crb + full_m
2026-08-18T03:49:28,fetch,mjx,ID,256,7,gpu,0.4352,0.4362,5.006e-07,1.0,0.1,18825.0,URDF via built-in compiler; ID = mul_m + qfrc_bias after explicit crb (mjx.inverse reads a stale M); CRBA via crb + full_m
2026-08-18T03:49:28,fetch,mjx,FD,256,7,gpu,0.5312,0.5404,3.056e-06,1.0,0.1,18825.0,URDF via built-in compiler; ID = mul_m + qfrc_bias after explicit crb (mjx.inverse reads a stale M); CRBA via crb + full_m
2026-08-18T03:49:28,fetch,mjx,CRBA,256,7,gpu,0.3035,0.322,4.483e-07,1.0,0.2,18825.0,URDF via built-in compiler; ID = mul_m + qfrc_bias after explicit crb (mjx.inverse reads a stale M); CRBA via crb + full_m
2026-08-18T03:49:28,fetch,mjx,ID,1024,7,gpu,0.5427,0.5545,4.997e-07,0.0,0.0,18827.0,URDF via built-in compiler; ID = mul_m + qfrc_bias after explicit crb (mjx.inverse reads a stale M); CRBA via crb + full_m
2026-08-18T03:49:28,fetch,mjx,FD,1024,7,gpu,0.6513,0.659,4.642e-06,0.0,0.0,18827.0,URDF via built-in compiler; ID = mul_m + qfrc_bias after explicit crb (mjx.inverse reads a stale M); CRBA via crb + full_m
2026-08-18T03:49:28,fetch,mjx,CRBA,1024,7,gpu,0.3722,0.3768,5.428e-07,0.0,0.0,18827.0,URDF via built-in compiler; ID = mul_m + qfrc_bias after explicit crb (mjx.inverse reads a stale M); CRBA via crb + full_m
2026-08-18T03:49:28,fetch,mjx,ID,4096,7,gpu,0.7145,0.7341,4.568e-07,0.0,0.0,18827.0,URDF via built-in compiler; ID = mul_m + qfrc_bias after explicit crb (mjx.inverse reads a stale M); CRBA via crb + full_m
2026-08-18T03:49:28,fetch,mjx,FD,4096,7,gpu,0.9082,0.9119,5.549e-06,0.0,0.0,18827.0,URDF via built-in compiler; ID = mul_m + qfrc_bias after explicit crb (mjx.inverse reads a stale M); CRBA via crb + full_m
2026-08-18T03:49:28,fetch,mjx,CRBA,4096,7,gpu,0.5488,0.5603,6.302e-07,0.0,0.0,18827.0,URDF via built-in compiler; ID = mul_m + qfrc_bias after explicit crb (mjx.inverse reads a stale M); CRBA via crb + full_m
2026-08-18T03:56:33,fetch,brax,ID,1,7,gpu,0.3162,0.3227,9.391e-08,0.0,0.0,18777.0,ID = M(q)@qdd + bias (no qdd-aware RNEA in brax)
2026-08-18T03:56:33,fetch,brax,FD,1,7,gpu,0.4089,0.4145,8.535e-08,1.0,0.3,18821.0,ID = M(q)@qdd + bias (no qdd-aware RNEA in brax)
2026-08-18T03:56:33,fetch,brax,ID,16,7,gpu,0.3759,0.3808,1.57e-06,0.0,0.0,18823.0,ID = M(q)@qdd + bias (no qdd-aware RNEA in brax)
2026-08-18T03:56:33,fetch,brax,FD,16,7,gpu,0.471,0.4765,9.953e-05,5.0,0.5,18823.0,ID = M(q)@qdd + bias (no qdd-aware RNEA in brax)
2026-08-18T03:56:33,fetch,brax,ID,64,7,gpu,0.392,0.4147,1.07e-06,12.0,0.6,18823.0,ID = M(q)@qdd + bias (no qdd-aware RNEA in brax)
2026-08-18T03:56:33,fetch,brax,FD,64,7,gpu,0.4802,0.5068,0.0002488,3.0,0.2,18823.0,ID = M(q)@qdd + bias (no qdd-aware RNEA in brax)
2026-08-18T03:56:33,fetch,brax,ID,256,7,gpu,0.3997,0.4081,1.825e-06,14.0,0.7,18823.0,ID = M(q)@qdd + bias (no qdd-aware RNEA in brax)
2026-08-18T03:56:33,fetch,brax,FD,256,7,gpu,0.4784,0.4908,0.000129,0.0,0.0,18823.0,ID = M(q)@qdd + bias (no qdd-aware RNEA in brax)
2026-08-18T03:56:33,fetch,brax,ID,1024,7,gpu,0.505,0.5196,1.396e-06,0.0,0.0,18825.0,ID = M(q)@qdd + bias (no qdd-aware RNEA in brax)
2026-08-18T03:56:33,fetch,brax,FD,1024,7,gpu,0.6402,0.6568,0.0002454,0.0,0.0,18825.0,ID = M(q)@qdd + bias (no qdd-aware RNEA in brax)
2026-08-18T03:56:33,fetch,brax,ID,4096,7,gpu,0.7965,0.8017,1.592e-06,1.0,0.5,18825.0,ID = M(q)@qdd + bias (no qdd-aware RNEA in brax)
2026-08-18T03:56:33,fetch,brax,FD,4096,7,gpu,1.0617,1.0659,0.0002005,0.0,0.0,18827.0,ID = M(q)@qdd + bias (no qdd-aware RNEA in brax)
2026-08-18T03:57:17,fetch,pinocchio,ID,1,7,cpu,0.0085,0.0155,1.773e-16,,,,python-loop batching
2026-08-18T03:57:17,fetch,pinocchio,FD,1,7,cpu,0.0092,0.0106,9.289e-17,,,,python-loop batching
2026-08-18T03:57:17,fetch,pinocchio,CRBA,1,7,cpu,0.0094,0.0118,2.215e-16,,,,python-loop batching
2026-08-18T03:57:17,fetch,pinocchio,ID,16,7,cpu,0.1268,0.1406,3.157e-16,,,,python-loop batching
2026-08-18T03:57:17,fetch,pinocchio,FD,16,7,cpu,0.139,0.152,7.411e-16,,,,python-loop batching
2026-08-18T03:57:17,fetch,pinocchio,CRBA,16,7,cpu,0.1366,0.1529,3.379e-16,,,,python-loop batching
2026-08-18T03:57:17,fetch,pinocchio,ID,64,7,cpu,0.5099,0.521,3.153e-16,,,,python-loop batching
2026-08-18T03:57:17,fetch,pinocchio,FD,64,7,cpu,0.5687,0.5772,1.071e-15,,,,python-loop batching
2026-08-18T03:57:17,fetch,pinocchio,CRBA,64,7,cpu,0.5573,0.5691,4.94e-16,,,,python-loop batching
2026-08-18T03:57:17,fetch,pinocchio,ID,256,7,cpu,2.0734,2.0842,4.486e-16,,,,python-loop batching
2026-08-18T03:57:17,fetch,pinocchio,FD,256,7,cpu,2.257,2.273,3.827e-15,,,,python-loop batching
2026-08-18T03:57:17,fetch,pinocchio,CRBA,256,7,cpu,2.2187,2.236,6.344e-16,,,,python-loop batching
2026-08-18T03:57:17,fetch,pinocchio,ID,1024,7,cpu,8.1913,8.2261,3.497e-16,,,,python-loop batching
2026-08-18T03:57:17,fetch,pinocchio,FD,1024,7,cpu,8.9058,9.032,5.684e-15,,,,python-loop batching
2026-08-18T03:57:17,fetch,pinocchio,CRBA,1024,7,cpu,8.7384,8.8943,7.951e-16,,,,python-loop batching
2026-08-18T03:57:17,fetch,pinocchio,ID,4096,7,cpu,32.5541,32.6588,3.58e-16,,,,python-loop batching
2026-08-18T03:57:17,fetch,pinocchio,FD,4096,7,cpu,35.4556,35.9118,3.077e-15,,,,python-loop batching
2026-08-18T03:57:17,fetch,pinocchio,CRBA,4096,7,cpu,35.1828,35.3113,7.867e-16,,,,python-loop batching
2026-08-18T03:57:24,fetch,rbdl,ID,1,7,cpu,0.002,0.0023,1.773e-16,,,,python-loop batching; assumes URDF document joint order
2026-08-18T03:57:24,fetch,rbdl,FD,1,7,cpu,0.0029,0.0033,9.289e-17,,,,python-loop batching; assumes URDF document joint order
2026-08-18T03:57:24,fetch,rbdl,CRBA,1,7,cpu,0.0018,0.0038,2.215e-16,,,,python-loop batching; assumes URDF document joint order
2026-08-18T03:57:24,fetch,rbdl,ID,16,7,cpu,0.025,0.0292,3.157e-16,,,,python-loop batching; assumes URDF document joint order
2026-08-18T03:57:24,fetch,rbdl,FD,16,7,cpu,0.0399,0.0477,7.411e-16,,,,python-loop batching; assumes URDF document joint order
2026-08-18T03:57:24,fetch,rbdl,CRBA,16,7,cpu,0.023,0.0239,1.689e-16,,,,python-loop batching; assumes URDF document joint order
2026-08-18T03:57:24,fetch,rbdl,ID,64,7,cpu,0.0989,0.111,3.153e-16,,,,python-loop batching; assumes URDF document joint order
2026-08-18T03:57:24,fetch,rbdl,FD,64,7,cpu,0.1591,0.1685,8.33e-16,,,,python-loop batching; assumes URDF document joint order
2026-08-18T03:57:24,fetch,rbdl,CRBA,64,7,cpu,0.0907,0.1037,3.293e-16,,,,python-loop batching; assumes URDF document joint order
2026-08-18T03:57:24,fetch,rbdl,ID,256,7,cpu,0.405,0.4127,2.99e-16,,,,python-loop batching; assumes URDF document joint order
2026-08-18T03:57:24,fetch,rbdl,FD,256,7,cpu,0.6439,0.6901,2.887e-15,,,,python-loop batching; assumes URDF document joint order
2026-08-18T03:57:24,fetch,rbdl,CRBA,256,7,cpu,0.368,0.4757,4.758e-16,,,,python-loop batching; assumes URDF document joint order
2026-08-18T03:57:24,fetch,rbdl,ID,1024,7,cpu,1.6209,1.8775,3.497e-16,,,,python-loop batching; assumes URDF document joint order
2026-08-18T03:57:24,fetch,rbdl,FD,1024,7,cpu,2.6033,2.8964,5.753e-15,,,,python-loop batching; assumes URDF document joint order
2026-08-18T03:57:24,fetch,rbdl,CRBA,1024,7,cpu,1.4906,1.5403,4.771e-16,,,,python-loop batching; assumes URDF document joint order
2026-08-18T03:57:24,fetch,rbdl,ID,4096,7,cpu,6.4977,6.6097,3.58e-16,,,,python-loop batching; assumes URDF document joint order
2026-08-18T03:57:24,fetch,rbdl,FD,4096,7,cpu,10.3631,10.4048,3.29e-15,,,,python-loop batching; assumes URDF document joint order
2026-08-18T03:57:24,fetch,rbdl,CRBA,4096,7,cpu,6.0114,6.0257,4.72e-16,,,,python-loop batching; assumes URDF document joint order
2026-08-18T03:57:38,baxter,pyroffi_jax,ID,1,14,gpu,0.4467,0.4579,0.0003204,11.0,2.3,18785.0,
2026-08-18T03:57:38,baxter,pyroffi_jax,FD,1,14,gpu,1.0178,1.0251,0.000173,0.0,0.0,18799.0,
2026-08-18T03:57:38,baxter,pyroffi_jax,CRBA,1,14,gpu,0.4604,0.4666,0.0007046,0.0,0.0,18799.0,
2026-08-18T03:57:38,baxter,pyroffi_jax,ID,16,14,gpu,0.5704,0.5781,0.0006211,27.0,9.5,18799.0,
2026-08-18T03:57:38,baxter,pyroffi_jax,FD,16,14,gpu,1.263,1.273,0.001128,24.0,1.4,18801.0,
2026-08-18T03:57:38,baxter,pyroffi_jax,CRBA,16,14,gpu,0.7411,0.7902,0.0009211,0.0,0.0,18801.0,
2026-08-18T03:57:38,baxter,pyroffi_jax,ID,64,14,gpu,0.5952,0.6128,0.0006505,83.0,10.7,18801.0,
2026-08-18T03:57:38,baxter,pyroffi_jax,FD,64,14,gpu,1.3104,1.3207,0.001322,0.0,0.0,18803.0,
2026-08-18T03:57:38,baxter,pyroffi_jax,CRBA,64,14,gpu,0.9942,0.9995,0.000843,0.0,0.0,18803.0,
2026-08-18T03:57:38,baxter,pyroffi_jax,ID,256,14,gpu,0.5662,0.5695,0.0005915,88.0,8.8,18803.0,
2026-08-18T03:57:38,baxter,pyroffi_jax,FD,256,14,gpu,1.4022,1.4059,0.001409,0.0,0.0,18807.0,
2026-08-18T03:57:38,baxter,pyroffi_jax,CRBA,256,14,gpu,0.7924,0.7935,0.0009912,1.0,0.1,18809.0,
2026-08-18T03:57:38,baxter,pyroffi_jax,ID,1024,14,gpu,0.636,0.6416,0.0007243,30.0,2.4,18809.0,
2026-08-18T03:57:38,baxter,pyroffi_jax,FD,1024,14,gpu,1.4834,1.5037,0.001434,0.0,0.0,18809.0,
2026-08-18T03:57:38,baxter,pyroffi_jax,CRBA,1024,14,gpu,0.9158,0.9291,0.001067,0.0,0.0,18811.0,
2026-08-18T03:57:38,baxter,pyroffi_jax,ID,4096,14,gpu,0.9796,0.981,0.00104,0.0,0.0,18811.0,
2026-08-18T03:57:38,baxter,pyroffi_jax,FD,4096,14,gpu,2.3387,2.3582,0.00141,0.0,0.0,18811.0,
2026-08-18T03:57:38,baxter,pyroffi_jax,CRBA,4096,14,gpu,1.8666,1.905,0.001257,3.0,0.2,18813.0,
2026-08-18T03:59:18,baxter,pyroffi_grid,ID,1,14,gpu,0.1333,0.1442,1.506e-07,0.0,0.0,18777.0,pyroffi CUDA path (GRiD codegen via JAX FFI)
2026-08-18T03:59:18,baxter,pyroffi_grid,FD,1,14,gpu,0.1624,0.1661,3.7e-07,0.0,0.0,18777.0,pyroffi CUDA path (GRiD codegen via JAX FFI)
2026-08-18T03:59:18,baxter,pyroffi_grid,CRBA,1,14,gpu,0.4045,0.4095,5.007e-08,0.0,0.0,18777.0,pyroffi CUDA path (GRiD codegen via JAX FFI)
2026-08-18T03:59:18,baxter,pyroffi_grid,MINV,1,14,gpu,0.1176,0.1263,2.406e-07,0.0,0.0,18777.0,pyroffi CUDA path (GRiD codegen via JAX FFI)
2026-08-18T03:59:18,baxter,pyroffi_grid,IDdu,1,14,gpu,0.1634,0.1723,,0.0,0.0,18777.0,pyroffi CUDA path (GRiD codegen via JAX FFI)
2026-08-18T03:59:18,baxter,pyroffi_grid,FDdu,1,14,gpu,0.2331,0.2452,,0.0,0.0,18777.0,pyroffi CUDA path (GRiD codegen via JAX FFI)
2026-08-18T03:59:18,baxter,pyroffi_grid,ID,16,14,gpu,0.1331,0.1527,1.119e-07,0.0,0.0,18777.0,pyroffi CUDA path (GRiD codegen via JAX FFI)
2026-08-18T03:59:18,baxter,pyroffi_grid,FD,16,14,gpu,0.1792,0.187,2.83e-07,0.0,0.0,18777.0,pyroffi CUDA path (GRiD codegen via JAX FFI)
2026-08-18T03:59:18,baxter,pyroffi_grid,CRBA,16,14,gpu,0.4033,0.4192,2.2e-07,0.0,0.0,18777.0,pyroffi CUDA path (GRiD codegen via JAX FFI)
2026-08-18T03:59:18,baxter,pyroffi_grid,MINV,16,14,gpu,0.1193,0.1319,2.769e-07,0.0,0.0,18777.0,pyroffi CUDA path (GRiD codegen via JAX FFI)
2026-08-18T03:59:18,baxter,pyroffi_grid,IDdu,16,14,gpu,0.1632,0.1671,,0.0,0.0,18777.0,pyroffi CUDA path (GRiD codegen via JAX FFI)
2026-08-18T03:59:18,baxter,pyroffi_grid,FDdu,16,14,gpu,0.2249,0.2394,,3.0,0.8,18777.0,pyroffi CUDA path (GRiD codegen via JAX FFI)
2026-08-18T03:59:18,baxter,pyroffi_grid,ID,64,14,gpu,0.1348,0.1377,2.086e-07,3.0,3.0,18777.0,pyroffi CUDA path (GRiD codegen via JAX FFI)
2026-08-18T03:59:18,baxter,pyroffi_grid,FD,64,14,gpu,0.1732,0.179,1.712e-07,3.0,3.0,18777.0,pyroffi CUDA path (GRiD codegen via JAX FFI)
2026-08-18T03:59:18,baxter,pyroffi_grid,CRBA,64,14,gpu,0.4074,0.4146,2.069e-07,3.0,3.0,18777.0,pyroffi CUDA path (GRiD codegen via JAX FFI)
2026-08-18T03:59:18,baxter,pyroffi_grid,MINV,64,14,gpu,0.1383,0.1414,1.887e-07,11.0,9.4,18777.0,pyroffi CUDA path (GRiD codegen via JAX FFI)
2026-08-18T03:59:18,baxter,pyroffi_grid,IDdu,64,14,gpu,0.165,0.1817,,11.0,11.0,18777.0,pyroffi CUDA path (GRiD codegen via JAX FFI)
2026-08-18T03:59:18,baxter,pyroffi_grid,FDdu,64,14,gpu,0.2422,0.2559,,11.0,11.0,18777.0,pyroffi CUDA path (GRiD codegen via JAX FFI)
2026-08-18T03:59:18,baxter,pyroffi_grid,ID,256,14,gpu,0.188,0.2008,2.321e-07,11.0,6.3,18777.0,pyroffi CUDA path (GRiD codegen via JAX FFI)
2026-08-18T03:59:18,baxter,pyroffi_grid,FD,256,14,gpu,0.2622,0.2783,1.124e-07,4.0,4.0,18777.0,pyroffi CUDA path (GRiD codegen via JAX FFI)
2026-08-18T03:59:18,baxter,pyroffi_grid,CRBA,256,14,gpu,0.8363,0.8396,2.585e-07,4.0,4.0,18777.0,pyroffi CUDA path (GRiD codegen via JAX FFI)
2026-08-18T03:59:18,baxter,pyroffi_grid,MINV,256,14,gpu,0.1876,0.1978,2.446e-07,4.0,4.0,18777.0,pyroffi CUDA path (GRiD codegen via JAX FFI)
2026-08-18T03:59:18,baxter,pyroffi_grid,IDdu,256,14,gpu,0.2592,0.2633,,6.0,6.0,18777.0,pyroffi CUDA path (GRiD codegen via JAX FFI)
2026-08-18T03:59:18,baxter,pyroffi_grid,FDdu,256,14,gpu,0.4132,0.4159,,6.0,6.0,18777.0,pyroffi CUDA path (GRiD codegen via JAX FFI)
2026-08-18T03:59:18,baxter,pyroffi_grid,ID,1024,14,gpu,0.4508,0.4758,2.565e-07,6.0,6.0,18777.0,pyroffi CUDA path (GRiD codegen via JAX FFI)
2026-08-18T03:59:18,baxter,pyroffi_grid,FD,1024,14,gpu,0.7325,0.7365,1.786e-07,11.0,11.0,18777.0,pyroffi CUDA path (GRiD codegen via JAX FFI)
2026-08-18T03:59:18,baxter,pyroffi_grid,CRBA,1024,14,gpu,3.0491,3.0534,2.873e-07,11.0,11.0,18777.0,pyroffi CUDA path (GRiD codegen via JAX FFI)
2026-08-18T03:59:18,baxter,pyroffi_grid,MINV,1024,14,gpu,0.5173,0.5222,2.553e-07,32.0,15.2,18777.0,pyroffi CUDA path (GRiD codegen via JAX FFI)
2026-08-18T03:59:18,baxter,pyroffi_grid,IDdu,1024,14,gpu,0.5991,0.6116,,32.0,32.0,18777.0,pyroffi CUDA path (GRiD codegen via JAX FFI)
2026-08-18T03:59:18,baxter,pyroffi_grid,FDdu,1024,14,gpu,1.0581,1.0589,,32.0,32.0,18777.0,pyroffi CUDA path (GRiD codegen via JAX FFI)
2026-08-18T03:59:18,baxter,pyroffi_grid,ID,4096,14,gpu,1.3552,1.3577,2.784e-07,0.0,0.0,18777.0,pyroffi CUDA path (GRiD codegen via JAX FFI)
2026-08-18T03:59:18,baxter,pyroffi_grid,FD,4096,14,gpu,2.511,2.515,2.211e-07,0.0,0.0,18777.0,pyroffi CUDA path (GRiD codegen via JAX FFI)
2026-08-18T03:59:18,baxter,pyroffi_grid,CRBA,4096,14,gpu,11.8268,11.8295,3.221e-07,26.0,21.0,18777.0,pyroffi CUDA path (GRiD codegen via JAX FFI)
2026-08-18T03:59:18,baxter,pyroffi_grid,MINV,4096,14,gpu,1.7219,1.7261,3.11e-07,41.0,36.7,18777.0,pyroffi CUDA path (GRiD codegen via JAX FFI)
2026-08-18T03:59:18,baxter,pyroffi_grid,IDdu,4096,14,gpu,1.9223,1.944,,41.0,41.0,18777.0,pyroffi CUDA path (GRiD codegen via JAX FFI)
2026-08-18T03:59:18,baxter,pyroffi_grid,FDdu,4096,14,gpu,3.5644,3.5775,,56.0,51.5,18777.0,pyroffi CUDA path (GRiD codegen via JAX FFI)
2026-08-18T04:03:02,baxter,grid_rbd,ID,1,14,gpu,0.1436,0.1607,1.506e-07,0.0,0.0,20089.0,stock GRiD 0.5.0 jax backend; joint order from handle _meta
2026-08-18T04:03:02,baxter,grid_rbd,FD,1,14,gpu,0.1851,0.1879,2.988e-07,0.0,0.0,20089.0,stock GRiD 0.5.0 jax backend; joint order from handle _meta
2026-08-18T04:03:02,baxter,grid_rbd,CRBA,1,14,gpu,0.1122,0.1162,6.853e-08,0.0,0.0,20089.0,stock GRiD 0.5.0 jax backend; joint order from handle _meta
2026-08-18T04:03:02,baxter,grid_rbd,MINV,1,14,gpu,0.1245,0.1322,2.406e-07,4.0,4.0,20089.0,stock GRiD 0.5.0 jax backend; joint order from handle _meta
2026-08-18T04:03:02,baxter,grid_rbd,IDdu,1,14,gpu,0.1808,0.1929,,4.0,4.0,20089.0,stock GRiD 0.5.0 jax backend; joint order from handle _meta
2026-08-18T04:03:02,baxter,grid_rbd,FDdu,1,14,gpu,0.2465,0.2673,,4.0,4.0,20089.0,stock GRiD 0.5.0 jax backend; joint order from handle _meta
2026-08-18T04:03:02,baxter,grid_rbd,ID,16,14,gpu,0.1532,0.1565,1.119e-07,4.0,4.0,20089.0,stock GRiD 0.5.0 jax backend; joint order from handle _meta
2026-08-18T04:03:02,baxter,grid_rbd,FD,16,14,gpu,0.1932,0.1972,2.83e-07,6.0,6.0,20089.0,stock GRiD 0.5.0 jax backend; joint order from handle _meta
2026-08-18T04:03:02,baxter,grid_rbd,CRBA,16,14,gpu,0.1187,0.1205,1.188e-07,6.0,6.0,20089.0,stock GRiD 0.5.0 jax backend; joint order from handle _meta
2026-08-18T04:03:02,baxter,grid_rbd,MINV,16,14,gpu,0.1336,0.1441,2.769e-07,6.0,6.0,20089.0,stock GRiD 0.5.0 jax backend; joint order from handle _meta
2026-08-18T04:03:02,baxter,grid_rbd,IDdu,16,14,gpu,0.1857,0.1931,,6.0,6.0,20089.0,stock GRiD 0.5.0 jax backend; joint order from handle _meta
2026-08-18T04:03:02,baxter,grid_rbd,FDdu,16,14,gpu,0.242,0.2562,,6.0,1.5,20089.0,stock GRiD 0.5.0 jax backend; joint order from handle _meta
2026-08-18T04:03:02,baxter,grid_rbd,ID,64,14,gpu,0.1555,0.1598,2.086e-07,0.0,0.0,20089.0,stock GRiD 0.5.0 jax backend; joint order from handle _meta
2026-08-18T04:03:02,baxter,grid_rbd,FD,64,14,gpu,0.1875,0.1929,1.712e-07,0.0,0.0,20089.0,stock GRiD 0.5.0 jax backend; joint order from handle _meta
2026-08-18T04:03:02,baxter,grid_rbd,CRBA,64,14,gpu,0.1232,0.1286,2.592e-07,0.0,0.0,20089.0,stock GRiD 0.5.0 jax backend; joint order from handle _meta
2026-08-18T04:03:02,baxter,grid_rbd,MINV,64,14,gpu,0.1389,0.1461,1.887e-07,3.0,1.8,20089.0,stock GRiD 0.5.0 jax backend; joint order from handle _meta
2026-08-18T04:03:02,baxter,grid_rbd,IDdu,64,14,gpu,0.1862,0.1966,,3.0,3.0,20089.0,stock GRiD 0.5.0 jax backend; joint order from handle _meta
2026-08-18T04:03:02,baxter,grid_rbd,FDdu,64,14,gpu,0.2563,0.2673,,3.0,3.0,20089.0,stock GRiD 0.5.0 jax backend; joint order from handle _meta
2026-08-18T04:03:02,baxter,grid_rbd,ID,256,14,gpu,0.237,0.2411,2.321e-07,3.0,3.0,20089.0,stock GRiD 0.5.0 jax backend; joint order from handle _meta
2026-08-18T04:03:02,baxter,grid_rbd,FD,256,14,gpu,0.2809,0.2905,1.296e-07,6.0,6.0,20089.0,stock GRiD 0.5.0 jax backend; joint order from handle _meta
2026-08-18T04:03:02,baxter,grid_rbd,CRBA,256,14,gpu,0.1989,0.2069,1.745e-07,6.0,6.0,20089.0,stock GRiD 0.5.0 jax backend; joint order from handle _meta
2026-08-18T04:03:02,baxter,grid_rbd,MINV,256,14,gpu,0.203,0.2086,2.446e-07,6.0,6.0,20089.0,stock GRiD 0.5.0 jax backend; joint order from handle _meta
2026-08-18T04:03:02,baxter,grid_rbd,IDdu,256,14,gpu,0.2998,0.3068,,6.0,5.8,20089.0,stock GRiD 0.5.0 jax backend; joint order from handle _meta
2026-08-18T04:03:02,baxter,grid_rbd,FDdu,256,14,gpu,0.4429,0.4549,,5.0,5.0,20089.0,stock GRiD 0.5.0 jax backend; joint order from handle _meta
2026-08-18T04:03:02,baxter,grid_rbd,ID,1024,14,gpu,0.4534,0.4656,2.565e-07,5.0,5.0,20089.0,stock GRiD 0.5.0 jax backend; joint order from handle _meta
2026-08-18T04:03:02,baxter,grid_rbd,FD,1024,14,gpu,0.7668,0.7744,2.162e-07,5.0,5.0,20089.0,stock GRiD 0.5.0 jax backend; joint order from handle _meta
2026-08-18T04:03:02,baxter,grid_rbd,CRBA,1024,14,gpu,0.4378,0.4485,2.654e-07,8.0,8.0,20089.0,stock GRiD 0.5.0 jax backend; joint order from handle _meta
2026-08-18T04:03:02,baxter,grid_rbd,MINV,1024,14,gpu,0.5496,0.558,2.74e-07,8.0,8.0,20089.0,stock GRiD 0.5.0 jax backend; joint order from handle _meta
2026-08-18T04:03:02,baxter,grid_rbd,IDdu,1024,14,gpu,0.6486,0.6653,,8.0,8.0,20089.0,stock GRiD 0.5.0 jax backend; joint order from handle _meta
2026-08-18T04:03:02,baxter,grid_rbd,FDdu,1024,14,gpu,1.0926,1.1046,,1.0,1.0,20089.0,stock GRiD 0.5.0 jax backend; joint order from handle _meta
2026-08-18T04:03:02,baxter,grid_rbd,ID,4096,14,gpu,1.1597,1.1681,2.784e-07,1.0,1.0,20089.0,stock GRiD 0.5.0 jax backend; joint order from handle _meta
2026-08-18T04:03:02,baxter,grid_rbd,FD,4096,14,gpu,2.5279,2.536,2.223e-07,1.0,1.0,20089.0,stock GRiD 0.5.0 jax backend; joint order from handle _meta
2026-08-18T04:03:02,baxter,grid_rbd,CRBA,4096,14,gpu,1.2645,1.268,3.245e-07,27.0,27.0,20089.0,stock GRiD 0.5.0 jax backend; joint order from handle _meta
2026-08-18T04:03:02,baxter,grid_rbd,MINV,4096,14,gpu,1.8506,1.8542,2.985e-07,27.0,27.0,20089.0,stock GRiD 0.5.0 jax backend; joint order from handle _meta
2026-08-18T04:03:02,baxter,grid_rbd,IDdu,4096,14,gpu,2.104,2.15,,40.0,40.0,20089.0,stock GRiD 0.5.0 jax backend; joint order from handle _meta
2026-08-18T04:03:02,baxter,grid_rbd,FDdu,4096,14,gpu,3.8033,3.8171,,40.0,40.0,20089.0,stock GRiD 0.5.0 jax backend; joint order from handle _meta
2026-08-18T04:03:09,baxter,frax,ID,1,14,gpu,0.2749,0.2789,0.0003949,35.0,35.0,18785.0,
2026-08-18T04:03:09,baxter,frax,FD,1,14,gpu,0.3672,0.3861,0.00482,7.0,2.3,18821.0,
2026-08-18T04:03:09,baxter,frax,CRBA,1,14,gpu,0.2389,0.259,0.0006158,0.0,0.0,18821.0,
2026-08-18T04:03:09,baxter,frax,ID,16,14,gpu,0.3021,0.3295,0.0006222,49.0,34.7,18823.0,
2026-08-18T04:03:09,baxter,frax,FD,16,14,gpu,0.4019,0.4088,0.07673,0.0,0.0,18823.0,
2026-08-18T04:03:09,baxter,frax,CRBA,16,14,gpu,0.2732,0.2882,0.001412,1.0,0.7,18823.0,
2026-08-18T04:03:09,baxter,frax,ID,64,14,gpu,0.3436,0.3538,0.001128,45.0,34.8,18823.0,
2026-08-18T04:03:09,baxter,frax,FD,64,14,gpu,0.4423,0.4555,0.06066,6.0,2.5,18823.0,
2026-08-18T04:03:09,baxter,frax,CRBA,64,14,gpu,0.2727,0.2833,0.00188,0.0,0.0,18823.0,
2026-08-18T04:03:09,baxter,frax,ID,256,14,gpu,0.362,0.385,0.001502,36.0,24.3,18825.0,
2026-08-18T04:03:09,baxter,frax,FD,256,14,gpu,0.4727,0.4946,0.1254,1.0,0.8,18825.0,
2026-08-18T04:03:09,baxter,frax,CRBA,256,14,gpu,0.2911,0.3041,0.002205,1.0,0.1,18825.0,
2026-08-18T04:03:09,baxter,frax,ID,1024,14,gpu,0.4961,0.5232,0.001162,18.0,10.3,18825.0,
2026-08-18T04:03:09,baxter,frax,FD,1024,14,gpu,0.6517,0.6664,0.1237,0.0,0.0,18825.0,
2026-08-18T04:03:09,baxter,frax,CRBA,1024,14,gpu,0.3976,0.4116,0.002191,18.0,17.1,18825.0,
2026-08-18T04:03:09,baxter,frax,ID,4096,14,gpu,0.9338,0.9587,0.001284,10.0,2.2,18825.0,
2026-08-18T04:03:09,baxter,frax,FD,4096,14,gpu,1.3886,1.4075,0.1372,32.0,12.3,18827.0,
2026-08-18T04:03:09,baxter,frax,CRBA,4096,14,gpu,0.751,0.7818,0.002386,23.0,1.0,18827.0,
2026-08-18T04:38:43,baxter,mjx,ID,1,14,gpu,0.6789,0.7068,0.0001043,1.0,0.2,18785.0,URDF via built-in compiler; ID = mul_m + qfrc_bias after explicit crb (mjx.inverse reads a stale M); CRBA via crb + full_m
2026-08-18T04:38:43,baxter,mjx,FD,1,14,gpu,0.8307,0.8763,0.0007272,2.0,0.3,18823.0,URDF via built-in compiler; ID = mul_m + qfrc_bias after explicit crb (mjx.inverse reads a stale M); CRBA via crb + full_m
2026-08-18T04:38:43,baxter,mjx,CRBA,1,14,gpu,0.4079,0.4467,0.0001108,0.0,0.0,18823.0,URDF via built-in compiler; ID = mul_m + qfrc_bias after explicit crb (mjx.inverse reads a stale M); CRBA via crb + full_m
2026-08-18T04:38:43,baxter,mjx,ID,16,14,gpu,0.6525,0.6553,0.0001227,1.0,0.2,18823.0,URDF via built-in compiler; ID = mul_m + qfrc_bias after explicit crb (mjx.inverse reads a stale M); CRBA via crb + full_m
2026-08-18T04:38:43,baxter,mjx,FD,16,14,gpu,0.7574,0.7624,0.002027,1.0,0.1,18825.0,URDF via built-in compiler; ID = mul_m + qfrc_bias after explicit crb (mjx.inverse reads a stale M); CRBA via crb + full_m
2026-08-18T04:38:43,baxter,mjx,CRBA,16,14,gpu,0.451,0.4544,0.000314,0.0,0.0,18825.0,URDF via built-in compiler; ID = mul_m + qfrc_bias after explicit crb (mjx.inverse reads a stale M); CRBA via crb + full_m
2026-08-18T04:38:43,baxter,mjx,ID,64,14,gpu,0.7877,0.8058,0.0001362,0.0,0.0,18825.0,URDF via built-in compiler; ID = mul_m + qfrc_bias after explicit crb (mjx.inverse reads a stale M); CRBA via crb + full_m
2026-08-18T04:38:43,baxter,mjx,FD,64,14,gpu,0.962,0.97,0.00216,0.0,0.0,18827.0,URDF via built-in compiler; ID = mul_m + qfrc_bias after explicit crb (mjx.inverse reads a stale M); CRBA via crb + full_m
2026-08-18T04:38:43,baxter,mjx,CRBA,64,14,gpu,0.4352,0.4499,0.0003678,0.0,0.0,18827.0,URDF via built-in compiler; ID = mul_m + qfrc_bias after explicit crb (mjx.inverse reads a stale M); CRBA via crb + full_m
2026-08-18T04:38:43,baxter,mjx,ID,256,14,gpu,0.6802,0.7028,0.0002135,1.0,0.1,18827.0,URDF via built-in compiler; ID = mul_m + qfrc_bias after explicit crb (mjx.inverse reads a stale M); CRBA via crb + full_m
2026-08-18T04:38:43,baxter,mjx,FD,256,14,gpu,0.8353,0.8461,0.003094,0.0,0.0,18827.0,URDF via built-in compiler; ID = mul_m + qfrc_bias after explicit crb (mjx.inverse reads a stale M); CRBA via crb + full_m
2026-08-18T04:38:43,baxter,mjx,CRBA,256,14,gpu,0.4654,0.4706,0.000335,0.0,0.0,18827.0,URDF via built-in compiler; ID = mul_m + qfrc_bias after explicit crb (mjx.inverse reads a stale M); CRBA via crb + full_m
2026-08-18T04:38:43,baxter,mjx,ID,1024,14,gpu,1.0142,1.0258,0.0001614,2.0,0.1,18829.0,URDF via built-in compiler; ID = mul_m + qfrc_bias after explicit crb (mjx.inverse reads a stale M); CRBA via crb + full_m
2026-08-18T04:38:43,baxter,mjx,FD,1024,14,gpu,1.2571,1.3084,0.002845,0.0,0.0,18831.0,URDF via built-in compiler; ID = mul_m + qfrc_bias after explicit crb (mjx.inverse reads a stale M); CRBA via crb + full_m
2026-08-18T04:38:43,baxter,mjx,CRBA,1024,14,gpu,0.5585,0.5765,0.0004123,0.0,0.0,18831.0,URDF via built-in compiler; ID = mul_m + qfrc_bias after explicit crb (mjx.inverse reads a stale M); CRBA via crb + full_m
2026-08-18T04:38:43,baxter,mjx,ID,4096,14,gpu,1.3656,1.3878,0.0001909,0.0,0.0,18833.0,URDF via built-in compiler; ID = mul_m + qfrc_bias after explicit crb (mjx.inverse reads a stale M); CRBA via crb + full_m
2026-08-18T04:38:43,baxter,mjx,FD,4096,14,gpu,1.8311,1.8619,0.003268,0.0,0.0,18833.0,URDF via built-in compiler; ID = mul_m + qfrc_bias after explicit crb (mjx.inverse reads a stale M); CRBA via crb + full_m
2026-08-18T04:38:43,baxter,mjx,CRBA,4096,14,gpu,0.9184,0.9238,0.0004656,0.0,0.0,18833.0,URDF via built-in compiler; ID = mul_m + qfrc_bias after explicit crb (mjx.inverse reads a stale M); CRBA via crb + full_m
2026-08-18T04:41:11,baxter,brax,ID,1,14,gpu,0.7051,0.7237,3.368e-07,0.0,0.0,18777.0,ID = M(q)@qdd + bias (no qdd-aware RNEA in brax)
2026-08-18T04:41:11,baxter,brax,FD,1,14,gpu,0.7962,0.8003,7.261e-07,1.0,0.4,18821.0,ID = M(q)@qdd + bias (no qdd-aware RNEA in brax)
2026-08-18T04:41:11,baxter,brax,ID,16,14,gpu,0.7854,0.7865,4.428e-06,0.0,0.0,18823.0,ID = M(q)@qdd + bias (no qdd-aware RNEA in brax)
2026-08-18T04:41:11,baxter,brax,FD,16,14,gpu,0.9061,0.9241,0.0001704,0.0,0.0,18823.0,ID = M(q)@qdd + bias (no qdd-aware RNEA in brax)
2026-08-18T04:41:11,baxter,brax,ID,64,14,gpu,0.7869,0.8207,5.187e-06,0.0,0.0,18823.0,ID = M(q)@qdd + bias (no qdd-aware RNEA in brax)
2026-08-18T04:41:11,baxter,brax,FD,64,14,gpu,0.949,0.9964,0.0002788,0.0,0.0,18825.0,ID = M(q)@qdd + bias (no qdd-aware RNEA in brax)
2026-08-18T04:41:11,baxter,brax,ID,256,14,gpu,0.8335,0.839,6.426e-06,0.0,0.0,18825.0,ID = M(q)@qdd + bias (no qdd-aware RNEA in brax)
2026-08-18T04:41:11,baxter,brax,FD,256,14,gpu,1.0074,1.0221,0.0002626,0.0,0.0,18825.0,ID = M(q)@qdd + bias (no qdd-aware RNEA in brax)
2026-08-18T04:41:11,baxter,brax,ID,1024,14,gpu,0.9662,0.9808,5.461e-06,0.0,0.0,18825.0,ID = M(q)@qdd + bias (no qdd-aware RNEA in brax)
2026-08-18T04:41:11,baxter,brax,FD,1024,14,gpu,1.2343,1.2457,0.0003423,0.0,0.0,18827.0,ID = M(q)@qdd + bias (no qdd-aware RNEA in brax)
2026-08-18T04:41:11,baxter,brax,ID,4096,14,gpu,1.4324,1.4517,5.944e-06,0.0,0.0,18827.0,ID = M(q)@qdd + bias (no qdd-aware RNEA in brax)
2026-08-18T04:41:11,baxter,brax,FD,4096,14,gpu,2.1699,2.1778,0.0002345,3.0,0.8,18827.0,ID = M(q)@qdd + bias (no qdd-aware RNEA in brax)
2026-08-18T04:41:56,baxter,pinocchio,ID,1,14,cpu,0.0102,0.0115,3.468e-16,,,,python-loop batching
2026-08-18T04:41:56,baxter,pinocchio,FD,1,14,cpu,0.0125,0.0132,9.285e-16,,,,python-loop batching
2026-08-18T04:41:56,baxter,pinocchio,CRBA,1,14,cpu,0.0115,0.0137,5.181e-16,,,,python-loop batching
2026-08-18T04:41:56,baxter,pinocchio,ID,16,14,cpu,0.153,0.166,2.6e-16,,,,python-loop batching
2026-08-18T04:41:56,baxter,pinocchio,FD,16,14,cpu,0.1793,0.1905,2.065e-15,,,,python-loop batching
2026-08-18T04:41:56,baxter,pinocchio,CRBA,16,14,cpu,0.17,0.1871,7.503e-16,,,,python-loop batching
2026-08-18T04:41:56,baxter,pinocchio,ID,64,14,cpu,0.6108,0.6245,5.178e-16,,,,python-loop batching
2026-08-18T04:41:56,baxter,pinocchio,FD,64,14,cpu,0.7236,0.7514,1.978e-15,,,,python-loop batching
2026-08-18T04:41:56,baxter,pinocchio,CRBA,64,14,cpu,0.6966,0.7323,6.085e-16,,,,python-loop batching
2026-08-18T04:41:56,baxter,pinocchio,ID,256,14,cpu,2.4413,2.4715,5.129e-16,,,,python-loop batching
2026-08-18T04:41:56,baxter,pinocchio,FD,256,14,cpu,2.8618,2.9066,2.168e-15,,,,python-loop batching
2026-08-18T04:41:56,baxter,pinocchio,CRBA,256,14,cpu,2.746,2.8447,7.05e-16,,,,python-loop batching
2026-08-18T04:41:56,baxter,pinocchio,ID,1024,14,cpu,9.7135,9.8264,5.423e-16,,,,python-loop batching
2026-08-18T04:41:56,baxter,pinocchio,FD,1024,14,cpu,11.4448,11.7498,3.808e-15,,,,python-loop batching
2026-08-18T04:41:56,baxter,pinocchio,CRBA,1024,14,cpu,11.0244,11.165,8.044e-16,,,,python-loop batching
2026-08-18T04:41:56,baxter,pinocchio,ID,4096,14,cpu,39.0978,39.4305,6.519e-16,,,,python-loop batching
2026-08-18T04:41:56,baxter,pinocchio,FD,4096,14,cpu,46.0128,46.1293,3.235e-15,,,,python-loop batching
2026-08-18T04:41:56,baxter,pinocchio,CRBA,4096,14,cpu,44.3226,44.8114,8.063e-16,,,,python-loop batching
2026-08-18T05:17:38,baxter,rbdl,ID,1,14,cpu,0.0026,0.0028,1.534e-12,,,,python-loop batching; assumes URDF document joint order
2026-08-18T05:17:38,baxter,rbdl,FD,1,14,cpu,0.0044,0.0046,7.681e-12,,,,python-loop batching; assumes URDF document joint order
2026-08-18T05:17:38,baxter,rbdl,CRBA,1,14,cpu,0.0026,0.0028,1.856e-12,,,,python-loop batching; assumes URDF document joint order
2026-08-18T05:17:38,baxter,rbdl,ID,16,14,cpu,0.035,0.0385,2.005e-12,,,,python-loop batching; assumes URDF document joint order
2026-08-18T05:17:38,baxter,rbdl,FD,16,14,cpu,0.0647,0.0708,1.075e-11,,,,python-loop batching; assumes URDF document joint order
2026-08-18T05:17:38,baxter,rbdl,CRBA,16,14,cpu,0.0346,0.0416,2.771e-12,,,,python-loop batching; assumes URDF document joint order
2026-08-18T05:17:38,baxter,rbdl,ID,64,14,cpu,0.1402,0.1505,2.735e-12,,,,python-loop batching; assumes URDF document joint order
2026-08-18T05:17:38,baxter,rbdl,FD,64,14,cpu,0.2588,0.2803,8.148e-12,,,,python-loop batching; assumes URDF document joint order
2026-08-18T05:17:38,baxter,rbdl,CRBA,64,14,cpu,0.1383,0.1479,2.717e-12,,,,python-loop batching; assumes URDF document joint order
2026-08-18T05:17:38,baxter,rbdl,ID,256,14,cpu,0.5689,0.5818,3.667e-12,,,,python-loop batching; assumes URDF document joint order
2026-08-18T05:17:38,baxter,rbdl,FD,256,14,cpu,1.0484,1.0679,5.815e-12,,,,python-loop batching; assumes URDF document joint order
2026-08-18T05:17:38,baxter,rbdl,CRBA,256,14,cpu,0.5655,0.8057,3.12e-12,,,,python-loop batching; assumes URDF document joint order
2026-08-18T05:17:38,baxter,rbdl,ID,1024,14,cpu,2.2541,2.2724,3.887e-12,,,,python-loop batching; assumes URDF document joint order
2026-08-18T05:17:38,baxter,rbdl,FD,1024,14,cpu,4.1972,4.2495,8.178e-12,,,,python-loop batching; assumes URDF document joint order
2026-08-18T05:17:38,baxter,rbdl,CRBA,1024,14,cpu,2.2756,2.3741,2.958e-12,,,,python-loop batching; assumes URDF document joint order
2026-08-18T05:17:38,baxter,rbdl,ID,4096,14,cpu,9.0192,9.1177,2.476e-12,,,,python-loop batching; assumes URDF document joint order
2026-08-18T05:17:38,baxter,rbdl,FD,4096,14,cpu,16.7718,16.8243,7.957e-12,,,,python-loop batching; assumes URDF document joint order
2026-08-18T05:17:38,baxter,rbdl,CRBA,4096,14,cpu,9.0961,9.1571,3.073e-12,,,,python-loop batching; assumes URDF document joint order
2026-08-18T05:20:59,g1,pyroffi_grid,ID,1,29,gpu,0.1827,0.1858,3.925e-08,0.0,0.0,18777.0,pyroffi CUDA path (GRiD codegen via JAX FFI)
2026-08-18T05:20:59,g1,pyroffi_grid,FD,1,29,gpu,0.2446,0.2555,7.141e-08,0.0,0.0,18777.0,pyroffi CUDA path (GRiD codegen via JAX FFI)
2026-08-18T05:20:59,g1,pyroffi_grid,CRBA,1,29,gpu,1.3031,1.3083,1.542e-07,7.0,1.4,18777.0,pyroffi CUDA path (GRiD codegen via JAX FFI)
2026-08-18T05:20:59,g1,pyroffi_grid,MINV,1,29,gpu,0.1769,0.1947,1.01e-07,7.0,7.0,18777.0,pyroffi CUDA path (GRiD codegen via JAX FFI)
2026-08-18T05:20:59,g1,pyroffi_grid,IDdu,1,29,gpu,0.2449,0.2513,,7.0,7.0,18777.0,pyroffi CUDA path (GRiD codegen via JAX FFI)
2026-08-18T05:20:59,g1,pyroffi_grid,FDdu,1,29,gpu,0.3974,0.4267,,7.0,6.6,18777.0,pyroffi CUDA path (GRiD codegen via JAX FFI)
2026-08-18T05:20:59,g1,pyroffi_grid,ID,16,29,gpu,0.1848,0.1927,2.14e-07,6.0,6.0,18777.0,pyroffi CUDA path (GRiD codegen via JAX FFI)
2026-08-18T05:20:59,g1,pyroffi_grid,FD,16,29,gpu,0.2394,0.2483,2.852e-07,6.0,6.0,18777.0,pyroffi CUDA path (GRiD codegen via JAX FFI)
2026-08-18T05:20:59,g1,pyroffi_grid,CRBA,16,29,gpu,1.3127,1.3141,1.434e-07,7.0,6.3,18777.0,pyroffi CUDA path (GRiD codegen via JAX FFI)
2026-08-18T05:20:59,g1,pyroffi_grid,MINV,16,29,gpu,0.1787,0.1842,1.799e-07,7.0,7.0,18777.0,pyroffi CUDA path (GRiD codegen via JAX FFI)
2026-08-18T05:20:59,g1,pyroffi_grid,IDdu,16,29,gpu,0.2587,0.2749,,7.0,7.0,18777.0,pyroffi CUDA path (GRiD codegen via JAX FFI)
2026-08-18T05:20:59,g1,pyroffi_grid,FDdu,16,29,gpu,0.4164,0.4198,,7.0,6.8,18777.0,pyroffi CUDA path (GRiD codegen via JAX FFI)
2026-08-18T05:20:59,g1,pyroffi_grid,ID,64,29,gpu,0.1751,0.1822,1.896e-07,6.0,6.0,18777.0,pyroffi CUDA path (GRiD codegen via JAX FFI)
2026-08-18T05:20:59,g1,pyroffi_grid,FD,64,29,gpu,0.2453,0.2538,2.201e-07,6.0,6.0,18777.0,pyroffi CUDA path (GRiD codegen via JAX FFI)
2026-08-18T05:20:59,g1,pyroffi_grid,CRBA,64,29,gpu,1.311,1.3124,1.928e-07,6.0,6.0,18777.0,pyroffi CUDA path (GRiD codegen via JAX FFI)
2026-08-18T05:20:59,g1,pyroffi_grid,MINV,64,29,gpu,0.1891,0.192,2.114e-07,2.0,2.0,18777.0,pyroffi CUDA path (GRiD codegen via JAX FFI)
2026-08-18T05:20:59,g1,pyroffi_grid,IDdu,64,29,gpu,0.2535,0.2645,,2.0,2.0,18777.0,pyroffi CUDA path (GRiD codegen via JAX FFI)
2026-08-18T05:20:59,g1,pyroffi_grid,FDdu,64,29,gpu,0.402,0.4046,,6.0,4.0,18777.0,pyroffi CUDA path (GRiD codegen via JAX FFI)
2026-08-18T05:20:59,g1,pyroffi_grid,ID,256,29,gpu,0.29,0.2943,1.588e-07,6.0,6.0,18777.0,pyroffi CUDA path (GRiD codegen via JAX FFI)
2026-08-18T05:20:59,g1,pyroffi_grid,FD,256,29,gpu,0.4516,0.4624,6.523e-07,6.0,6.0,18777.0,pyroffi CUDA path (GRiD codegen via JAX FFI)
2026-08-18T05:20:59,g1,pyroffi_grid,CRBA,256,29,gpu,3.0007,3.0111,2.221e-07,7.0,6.5,18777.0,pyroffi CUDA path (GRiD codegen via JAX FFI)
2026-08-18T05:20:59,g1,pyroffi_grid,MINV,256,29,gpu,0.3357,0.3443,5.091e-06,7.0,7.0,18777.0,pyroffi CUDA path (GRiD codegen via JAX FFI)
2026-08-18T05:20:59,g1,pyroffi_grid,IDdu,256,29,gpu,0.6839,0.6964,,9.0,8.4,18777.0,pyroffi CUDA path (GRiD codegen via JAX FFI)
2026-08-18T05:20:59,g1,pyroffi_grid,FDdu,256,29,gpu,1.2408,1.2494,,9.0,9.0,18777.0,pyroffi CUDA path (GRiD codegen via JAX FFI)
2026-08-18T05:20:59,g1,pyroffi_grid,ID,1024,29,gpu,0.7966,0.8058,2.144e-07,9.0,9.0,18777.0,pyroffi CUDA path (GRiD codegen via JAX FFI)
2026-08-18T05:20:59,g1,pyroffi_grid,FD,1024,29,gpu,1.4384,1.5347,3.153e-06,2.0,2.0,18777.0,pyroffi CUDA path (GRiD codegen via JAX FFI)
2026-08-18T05:20:59,g1,pyroffi_grid,CRBA,1024,29,gpu,11.4104,11.4414,2.21e-07,68.0,29.0,18777.0,pyroffi CUDA path (GRiD codegen via JAX FFI)
2026-08-18T05:20:59,g1,pyroffi_grid,MINV,1024,29,gpu,1.093,1.0953,7.008e-06,68.0,35.0,18777.0,pyroffi CUDA path (GRiD codegen via JAX FFI)
2026-08-18T05:20:59,g1,pyroffi_grid,IDdu,1024,29,gpu,2.3367,2.3554,,2.0,2.0,18777.0,pyroffi CUDA path (GRiD codegen via JAX FFI)
2026-08-18T05:20:59,g1,pyroffi_grid,FDdu,1024,29,gpu,4.5462,4.5522,,31.0,21.3,18777.0,pyroffi CUDA path (GRiD codegen via JAX FFI)
2026-08-18T05:20:59,g1,pyroffi_grid,ID,4096,29,gpu,2.6384,2.6518,2.411e-07,31.0,31.0,18777.0,pyroffi CUDA path (GRiD codegen via JAX FFI)
2026-08-18T05:20:59,g1,pyroffi_grid,FD,4096,29,gpu,5.3481,5.3604,1.787e-06,73.0,65.4,18777.0,pyroffi CUDA path (GRiD codegen via JAX FFI)
2026-08-18T05:20:59,g1,pyroffi_grid,CRBA,4096,29,gpu,44.7348,44.7634,2.43e-07,99.0,63.0,18777.0,pyroffi CUDA path (GRiD codegen via JAX FFI)
2026-08-18T05:20:59,g1,pyroffi_grid,MINV,4096,29,gpu,3.9416,3.9458,6.383e-06,1.0,1.0,18777.0,pyroffi CUDA path (GRiD codegen via JAX FFI)
2026-08-18T05:20:59,g1,pyroffi_grid,IDdu,4096,29,gpu,8.9324,8.9489,,83.0,83.0,18777.0,pyroffi CUDA path (GRiD codegen via JAX FFI)
2026-08-18T05:20:59,g1,pyroffi_grid,FDdu,4096,29,gpu,17.6308,17.6525,,99.0,96.0,18777.0,pyroffi CUDA path (GRiD codegen via JAX FFI)
2026-08-18T05:29:03,g1,grid_rbd,ID,1,29,gpu,0.1898,0.203,3.925e-08,3.0,3.0,23751.0,stock GRiD 0.5.0 jax backend; joint order from handle _meta
2026-08-18T05:29:03,g1,grid_rbd,FD,1,29,gpu,0.2626,0.2715,7.141e-08,3.0,3.0,23751.0,stock GRiD 0.5.0 jax backend; joint order from handle _meta
2026-08-18T05:29:03,g1,grid_rbd,CRBA,1,29,gpu,0.1555,0.1617,8.762e-08,4.0,4.0,23751.0,stock GRiD 0.5.0 jax backend; joint order from handle _meta
2026-08-18T05:29:03,g1,grid_rbd,MINV,1,29,gpu,0.1909,0.196,1.01e-07,4.0,4.0,23751.0,stock GRiD 0.5.0 jax backend; joint order from handle _meta
2026-08-18T05:29:03,g1,grid_rbd,IDdu,1,29,gpu,0.2685,0.2694,,4.0,4.0,23751.0,stock GRiD 0.5.0 jax backend; joint order from handle _meta
2026-08-18T05:29:03,g1,grid_rbd,FDdu,1,29,gpu,0.4134,0.4157,,4.0,3.2,23751.0,stock GRiD 0.5.0 jax backend; joint order from handle _meta
2026-08-18T05:29:03,g1,grid_rbd,ID,16,29,gpu,0.203,0.2077,2.14e-07,3.0,3.0,23751.0,stock GRiD 0.5.0 jax backend; joint order from handle _meta
2026-08-18T05:29:03,g1,grid_rbd,FD,16,29,gpu,0.2647,0.2701,3.374e-07,3.0,3.0,23751.0,stock GRiD 0.5.0 jax backend; joint order from handle _meta
2026-08-18T05:29:03,g1,grid_rbd,CRBA,16,29,gpu,0.1741,0.1787,2.73e-07,3.0,3.0,23751.0,stock GRiD 0.5.0 jax backend; joint order from handle _meta
2026-08-18T05:29:03,g1,grid_rbd,MINV,16,29,gpu,0.2011,0.2038,2.381e-07,4.0,3.6,23751.0,stock GRiD 0.5.0 jax backend; joint order from handle _meta
2026-08-18T05:29:03,g1,grid_rbd,IDdu,16,29,gpu,0.2765,0.2918,,4.0,4.0,23751.0,stock GRiD 0.5.0 jax backend; joint order from handle _meta
2026-08-18T05:29:03,g1,grid_rbd,FDdu,16,29,gpu,0.4346,0.4408,,4.0,4.0,23751.0,stock GRiD 0.5.0 jax backend; joint order from handle _meta
2026-08-18T05:29:03,g1,grid_rbd,ID,64,29,gpu,0.2025,0.2149,1.896e-07,4.0,1.3,23751.0,stock GRiD 0.5.0 jax backend; joint order from handle _meta
2026-08-18T05:29:03,g1,grid_rbd,FD,64,29,gpu,0.2756,0.2771,4.978e-07,0.0,0.0,23751.0,stock GRiD 0.5.0 jax backend; joint order from handle _meta
2026-08-18T05:29:03,g1,grid_rbd,CRBA,64,29,gpu,0.1729,0.1777,1.928e-07,0.0,0.0,23751.0,stock GRiD 0.5.0 jax backend; joint order from handle _meta
2026-08-18T05:29:03,g1,grid_rbd,MINV,64,29,gpu,0.208,0.2308,2.431e-06,0.0,0.0,23751.0,stock GRiD 0.5.0 jax backend; joint order from handle _meta
2026-08-18T05:29:03,g1,grid_rbd,IDdu,64,29,gpu,0.2841,0.2895,,5.0,5.0,23751.0,stock GRiD 0.5.0 jax backend; joint order from handle _meta
2026-08-18T05:29:03,g1,grid_rbd,FDdu,64,29,gpu,0.4349,0.439,,5.0,5.0,23751.0,stock GRiD 0.5.0 jax backend; joint order from handle _meta
2026-08-18T05:29:03,g1,grid_rbd,ID,256,29,gpu,0.3229,0.3539,1.588e-07,5.0,5.0,23751.0,stock GRiD 0.5.0 jax backend; joint order from handle _meta
2026-08-18T05:29:03,g1,grid_rbd,FD,256,29,gpu,0.4827,0.4897,7.339e-07,5.0,5.0,23751.0,stock GRiD 0.5.0 jax backend; joint order from handle _meta
2026-08-18T05:29:03,g1,grid_rbd,CRBA,256,29,gpu,0.3105,0.3154,1.488e-07,8.0,8.0,23751.0,stock GRiD 0.5.0 jax backend; joint order from handle _meta
2026-08-18T05:29:03,g1,grid_rbd,MINV,256,29,gpu,0.3819,0.3956,5.091e-06,8.0,8.0,23751.0,stock GRiD 0.5.0 jax backend; joint order from handle _meta
2026-08-18T05:29:03,g1,grid_rbd,IDdu,256,29,gpu,0.7411,0.7469,,8.0,3.8,23751.0,stock GRiD 0.5.0 jax backend; joint order from handle _meta
2026-08-18T05:29:03,g1,grid_rbd,FDdu,256,29,gpu,1.3081,1.32,,3.0,3.0,23751.0,stock GRiD 0.5.0 jax backend; joint order from handle _meta
2026-08-18T05:29:03,g1,grid_rbd,ID,1024,29,gpu,0.8955,0.8975,2.144e-07,3.0,3.0,23751.0,stock GRiD 0.5.0 jax backend; joint order from handle _meta
2026-08-18T05:29:03,g1,grid_rbd,FD,1024,29,gpu,1.5384,1.5402,3.131e-06,2.0,2.0,23751.0,stock GRiD 0.5.0 jax backend; joint order from handle _meta
2026-08-18T05:29:03,g1,grid_rbd,CRBA,1024,29,gpu,0.9791,0.981,1.973e-07,2.0,2.0,23751.0,stock GRiD 0.5.0 jax backend; joint order from handle _meta
2026-08-18T05:29:03,g1,grid_rbd,MINV,1024,29,gpu,1.2344,1.241,8.148e-06,2.0,1.3,23751.0,stock GRiD 0.5.0 jax backend; joint order from handle _meta
2026-08-18T05:29:03,g1,grid_rbd,IDdu,1024,29,gpu,2.5575,2.5616,,1.0,1.0,23751.0,stock GRiD 0.5.0 jax backend; joint order from handle _meta
2026-08-18T05:29:03,g1,grid_rbd,FDdu,1024,29,gpu,4.7777,4.7884,,5.0,2.7,23751.0,stock GRiD 0.5.0 jax backend; joint order from handle _meta
2026-08-18T05:29:03,g1,grid_rbd,ID,4096,29,gpu,2.7927,2.807,2.411e-07,5.0,5.0,23751.0,stock GRiD 0.5.0 jax backend; joint order from handle _meta
2026-08-18T05:29:03,g1,grid_rbd,FD,4096,29,gpu,5.7801,5.8218,3.478e-06,15.0,9.5,23751.0,stock GRiD 0.5.0 jax backend; joint order from handle _meta
2026-08-18T05:29:03,g1,grid_rbd,CRBA,4096,29,gpu,3.764,3.7796,2.42e-07,15.0,15.0,23751.0,stock GRiD 0.5.0 jax backend; joint order from handle _meta
2026-08-18T05:29:03,g1,grid_rbd,MINV,4096,29,gpu,5.3004,5.3425,8.138e-06,62.0,62.0,23751.0,stock GRiD 0.5.0 jax backend; joint order from handle _meta
2026-08-18T05:29:03,g1,grid_rbd,IDdu,4096,29,gpu,10.3132,10.3456,,98.0,98.0,23751.0,stock GRiD 0.5.0 jax backend; joint order from handle _meta
2026-08-18T05:29:03,g1,grid_rbd,FDdu,4096,29,gpu,18.8061,18.8664,,99.0,99.0,23751.0,stock GRiD 0.5.0 jax backend; joint order from handle _meta
2026-08-18T05:29:12,g1,frax,ID,1,29,gpu,0.4057,0.4226,4.274e-05,1.0,0.7,18785.0,
2026-08-18T05:29:12,g1,frax,FD,1,29,gpu,0.5298,0.5821,0.05717,0.0,0.0,18821.0,
2026-08-18T05:29:12,g1,frax,CRBA,1,29,gpu,0.379,0.3924,0.000234,13.0,0.7,18821.0,
2026-08-18T05:29:12,g1,frax,ID,16,29,gpu,0.5105,0.5307,0.0005097,12.0,2.5,18823.0,
2026-08-18T05:29:12,g1,frax,FD,16,29,gpu,0.6838,0.7183,0.6389,0.0,0.0,18823.0,
2026-08-18T05:29:12,g1,frax,CRBA,16,29,gpu,0.4327,0.4662,0.0008477,0.0,0.0,18823.0,
2026-08-18T05:29:12,g1,frax,ID,64,29,gpu,0.5262,0.5517,0.000884,57.0,16.1,18825.0,
2026-08-18T05:29:12,g1,frax,FD,64,29,gpu,0.7074,0.748,3.037,0.0,0.0,18825.0,
2026-08-18T05:29:12,g1,frax,CRBA,64,29,gpu,0.4418,0.4755,0.00106,0.0,0.0,18825.0,
2026-08-18T05:29:12,g1,frax,ID,256,29,gpu,0.6011,0.6496,0.0007824,20.0,5.1,18825.0,
2026-08-18T05:29:12,g1,frax,FD,256,29,gpu,0.7997,0.8347,2.395,0.0,0.0,18827.0,
2026-08-18T05:29:12,g1,frax,CRBA,256,29,gpu,0.4918,0.537,0.001178,0.0,0.0,18827.0,
2026-08-18T05:29:12,g1,frax,ID,1024,29,gpu,0.8371,0.8782,0.0008516,25.0,0.9,18827.0,
2026-08-18T05:29:12,g1,frax,FD,1024,29,gpu,1.3484,1.3516,,22.0,2.2,18827.0,
2026-08-18T05:29:12,g1,frax,CRBA,1024,29,gpu,0.7179,0.8249,0.001099,0.0,0.0,18827.0,
2026-08-18T05:29:12,g1,frax,ID,4096,29,gpu,1.8433,1.8944,0.0006831,0.0,0.0,18829.0,
2026-08-18T05:29:12,g1,frax,FD,4096,29,gpu,3.44,3.5486,,0.0,0.0,18829.0,
2026-08-18T05:29:12,g1,frax,CRBA,4096,29,gpu,1.5859,1.6292,0.001275,0.0,0.0,18829.0,
2026-08-18T05:29:51,g1,mjx,ID,1,29,gpu,0.7954,0.8496,6.818e-05,0.0,0.0,18787.0,URDF via built-in compiler; ID = mul_m + qfrc_bias after explicit crb (mjx.inverse reads a stale M); CRBA via crb + full_m
2026-08-18T05:29:51,g1,mjx,FD,1,29,gpu,0.9727,1.024,0.0009867,0.0,0.0,18823.0,URDF via built-in compiler; ID = mul_m + qfrc_bias after explicit crb (mjx.inverse reads a stale M); CRBA via crb + full_m
2026-08-18T05:29:51,g1,mjx,CRBA,1,29,gpu,0.5689,0.6068,0.0002669,0.0,0.0,18823.0,URDF via built-in compiler; ID = mul_m + qfrc_bias after explicit crb (mjx.inverse reads a stale M); CRBA via crb + full_m
2026-08-18T05:29:51,g1,mjx,ID,16,29,gpu,0.7698,0.7825,8.055e-05,7.0,0.6,18825.0,URDF via built-in compiler; ID = mul_m + qfrc_bias after explicit crb (mjx.inverse reads a stale M); CRBA via crb + full_m
2026-08-18T05:29:51,g1,mjx,FD,16,29,gpu,1.15,1.1605,0.006829,0.0,0.0,18825.0,URDF via built-in compiler; ID = mul_m + qfrc_bias after explicit crb (mjx.inverse reads a stale M); CRBA via crb + full_m
2026-08-18T05:29:51,g1,mjx,CRBA,16,29,gpu,0.5664,0.5719,0.000229,0.0,0.0,18827.0,URDF via built-in compiler; ID = mul_m + qfrc_bias after explicit crb (mjx.inverse reads a stale M); CRBA via crb + full_m
2026-08-18T05:29:51,g1,mjx,ID,64,29,gpu,0.8628,0.8793,0.0001376,2.0,0.2,18827.0,URDF via built-in compiler; ID = mul_m + qfrc_bias after explicit crb (mjx.inverse reads a stale M); CRBA via crb + full_m
2026-08-18T05:29:51,g1,mjx,FD,64,29,gpu,1.2183,1.2334,0.007573,0.0,0.0,18827.0,URDF via built-in compiler; ID = mul_m + qfrc_bias after explicit crb (mjx.inverse reads a stale M); CRBA via crb + full_m
2026-08-18T05:29:51,g1,mjx,CRBA,64,29,gpu,0.6208,0.6278,0.0002408,0.0,0.0,18829.0,URDF via built-in compiler; ID = mul_m + qfrc_bias after explicit crb (mjx.inverse reads a stale M); CRBA via crb + full_m
2026-08-18T05:29:51,g1,mjx,ID,256,29,gpu,1.0841,1.089,0.0001419,0.0,0.0,18829.0,URDF via built-in compiler; ID = mul_m + qfrc_bias after explicit crb (mjx.inverse reads a stale M); CRBA via crb + full_m
2026-08-18T05:29:51,g1,mjx,FD,256,29,gpu,1.4144,1.4815,0.007118,18.0,1.5,18831.0,URDF via built-in compiler; ID = mul_m + qfrc_bias after explicit crb (mjx.inverse reads a stale M); CRBA via crb + full_m
2026-08-18T05:29:51,g1,mjx,CRBA,256,29,gpu,0.8188,0.8247,0.0003004,0.0,0.0,18831.0,URDF via built-in compiler; ID = mul_m + qfrc_bias after explicit crb (mjx.inverse reads a stale M); CRBA via crb + full_m
2026-08-18T05:29:51,g1,mjx,ID,1024,29,gpu,1.6261,1.6363,0.0001325,0.0,0.0,18833.0,URDF via built-in compiler; ID = mul_m + qfrc_bias after explicit crb (mjx.inverse reads a stale M); CRBA via crb + full_m
2026-08-18T05:29:51,g1,mjx,FD,1024,29,gpu,2.1132,2.1439,0.09175,0.0,0.0,18835.0,URDF via built-in compiler; ID = mul_m + qfrc_bias after explicit crb (mjx.inverse reads a stale M); CRBA via crb + full_m
2026-08-18T05:29:51,g1,mjx,CRBA,1024,29,gpu,0.9561,0.9693,0.0003003,0.0,0.0,18835.0,URDF via built-in compiler; ID = mul_m + qfrc_bias after explicit crb (mjx.inverse reads a stale M); CRBA via crb + full_m
2026-08-18T05:29:51,g1,mjx,ID,4096,29,gpu,3.0028,3.0319,0.0001075,0.0,0.0,18837.0,URDF via built-in compiler; ID = mul_m + qfrc_bias after explicit crb (mjx.inverse reads a stale M); CRBA via crb + full_m
2026-08-18T05:29:51,g1,mjx,FD,4096,29,gpu,4.5154,4.563,0.03392,0.0,0.0,18839.0,URDF via built-in compiler; ID = mul_m + qfrc_bias after explicit crb (mjx.inverse reads a stale M); CRBA via crb + full_m
2026-08-18T05:29:51,g1,mjx,CRBA,4096,29,gpu,2.0877,2.11,0.0005023,1.0,0.1,18839.0,URDF via built-in compiler; ID = mul_m + qfrc_bias after explicit crb (mjx.inverse reads a stale M); CRBA via crb + full_m
2026-08-18T05:32:51,g1,brax,ID,1,29,gpu,0.972,1.0083,6.818e-05,0.0,0.0,18787.0,ID = M(q)@qdd + bias (no qdd-aware RNEA in brax)
2026-08-18T05:32:51,g1,brax,FD,1,29,gpu,1.1015,1.1155,0.0009864,2.0,0.5,18823.0,ID = M(q)@qdd + bias (no qdd-aware RNEA in brax)
2026-08-18T05:32:51,g1,brax,ID,16,29,gpu,1.1576,1.1813,8.281e-05,0.0,0.0,18825.0,ID = M(q)@qdd + bias (no qdd-aware RNEA in brax)
2026-08-18T05:32:51,g1,brax,FD,16,29,gpu,1.3481,1.3621,0.006921,0.0,0.0,18825.0,ID = M(q)@qdd + bias (no qdd-aware RNEA in brax)
2026-08-18T05:32:51,g1,brax,ID,64,29,gpu,1.2031,1.2747,0.0001366,0.0,0.0,18827.0,ID = M(q)@qdd + bias (no qdd-aware RNEA in brax)
2026-08-18T05:32:51,g1,brax,FD,64,29,gpu,1.4421,1.4996,0.007535,2.0,0.4,18827.0,ID = M(q)@qdd + bias (no qdd-aware RNEA in brax)
2026-08-18T05:32:51,g1,brax,ID,256,29,gpu,1.2831,1.304,0.0001417,0.0,0.0,18827.0,ID = M(q)@qdd + bias (no qdd-aware RNEA in brax)
2026-08-18T05:32:51,g1,brax,FD,256,29,gpu,1.6101,1.6213,0.007119,0.0,0.0,18829.0,ID = M(q)@qdd + bias (no qdd-aware RNEA in brax)
2026-08-18T05:32:51,g1,brax,ID,1024,29,gpu,1.6316,1.6437,0.0001143,0.0,0.0,18829.0,ID = M(q)@qdd + bias (no qdd-aware RNEA in brax)
2026-08-18T05:32:51,g1,brax,FD,1024,29,gpu,2.5285,2.5402,0.05614,0.0,0.0,18831.0,ID = M(q)@qdd + bias (no qdd-aware RNEA in brax)
2026-08-18T05:32:51,g1,brax,ID,4096,29,gpu,3.4755,3.484,0.0001107,0.0,0.0,18833.0,ID = M(q)@qdd + bias (no qdd-aware RNEA in brax)
2026-08-18T05:32:51,g1,brax,FD,4096,29,gpu,6.7523,6.8214,0.03392,0.0,0.0,18833.0,ID = M(q)@qdd + bias (no qdd-aware RNEA in brax)
2026-08-18T05:34:00,g1,pinocchio,ID,1,29,cpu,0.0142,0.0152,2.57e-16,,,,python-loop batching
2026-08-18T05:34:00,g1,pinocchio,FD,1,29,cpu,0.0177,0.0189,1.831e-15,,,,python-loop batching
2026-08-18T05:34:00,g1,pinocchio,CRBA,1,29,cpu,0.0174,0.0201,3.723e-16,,,,python-loop batching
2026-08-18T05:34:00,g1,pinocchio,ID,16,29,cpu,0.2167,0.2304,4.937e-16,,,,python-loop batching
2026-08-18T05:34:00,g1,pinocchio,FD,16,29,cpu,0.2797,0.2859,1.166e-15,,,,python-loop batching
2026-08-18T05:34:00,g1,pinocchio,CRBA,16,29,cpu,0.2668,0.2783,4.766e-16,,,,python-loop batching
2026-08-18T05:34:00,g1,pinocchio,ID,64,29,cpu,0.8821,0.8902,3.641e-16,,,,python-loop batching
2026-08-18T05:34:00,g1,pinocchio,FD,64,29,cpu,1.1069,1.1167,6.583e-15,,,,python-loop batching
2026-08-18T05:34:00,g1,pinocchio,CRBA,64,29,cpu,1.0704,1.091,6.905e-16,,,,python-loop batching
2026-08-18T05:34:00,g1,pinocchio,ID,256,29,cpu,3.5086,3.5275,4.283e-16,,,,python-loop batching
2026-08-18T05:34:00,g1,pinocchio,FD,256,29,cpu,4.4276,4.4634,1.086e-14,,,,python-loop batching
2026-08-18T05:34:00,g1,pinocchio,CRBA,256,29,cpu,4.2082,4.2657,5.907e-16,,,,python-loop batching
2026-08-18T05:34:00,g1,pinocchio,ID,1024,29,cpu,13.9582,14.0023,6.121e-16,,,,python-loop batching
2026-08-18T05:34:00,g1,pinocchio,FD,1024,29,cpu,17.6487,17.7228,1.616e-14,,,,python-loop batching
2026-08-18T05:34:00,g1,pinocchio,CRBA,1024,29,cpu,16.8286,16.9886,6.979e-16,,,,python-loop batching
2026-08-18T05:34:00,g1,pinocchio,ID,4096,29,cpu,55.4279,55.8686,5.286e-16,,,,python-loop batching
2026-08-18T05:34:00,g1,pinocchio,FD,4096,29,cpu,70.5653,70.9432,4.742e-14,,,,python-loop batching
2026-08-18T05:34:00,g1,pinocchio,CRBA,4096,29,cpu,68.3851,68.8022,7.1e-16,,,,python-loop batching
2026-08-18T05:34:14,g1,rbdl,ID,1,29,cpu,0.0051,0.0057,3.856e-16,,,,python-loop batching; assumes URDF document joint order
2026-08-18T05:34:14,g1,rbdl,FD,1,29,cpu,0.0078,0.0085,1.709e-15,,,,python-loop batching; assumes URDF document joint order
2026-08-18T05:34:14,g1,rbdl,CRBA,1,29,cpu,0.0046,0.0048,2.482e-16,,,,python-loop batching; assumes URDF document joint order
2026-08-18T05:34:14,g1,rbdl,ID,16,29,cpu,0.0584,0.0677,3.086e-16,,,,python-loop batching; assumes URDF document joint order
2026-08-18T05:34:14,g1,rbdl,FD,16,29,cpu,0.1202,0.1311,1.069e-15,,,,python-loop batching; assumes URDF document joint order
2026-08-18T05:34:14,g1,rbdl,CRBA,16,29,cpu,0.0677,0.0776,2.383e-16,,,,python-loop batching; assumes URDF document joint order
2026-08-18T05:34:14,g1,rbdl,ID,64,29,cpu,0.2388,0.2888,2.276e-16,,,,python-loop batching; assumes URDF document joint order
2026-08-18T05:34:14,g1,rbdl,FD,64,29,cpu,0.4903,0.4992,6.834e-15,,,,python-loop batching; assumes URDF document joint order
2026-08-18T05:34:14,g1,rbdl,CRBA,64,29,cpu,0.2784,0.2842,2.762e-16,,,,python-loop batching; assumes URDF document joint order
2026-08-18T05:34:14,g1,rbdl,ID,256,29,cpu,0.9673,0.9726,4.283e-16,,,,python-loop batching; assumes URDF document joint order
2026-08-18T05:34:14,g1,rbdl,FD,256,29,cpu,1.959,1.9686,1.076e-14,,,,python-loop batching; assumes URDF document joint order
2026-08-18T05:34:14,g1,rbdl,CRBA,256,29,cpu,1.1286,1.1419,3.544e-16,,,,python-loop batching; assumes URDF document joint order
2026-08-18T05:34:14,g1,rbdl,ID,1024,29,cpu,3.8915,3.9574,3.06e-16,,,,python-loop batching; assumes URDF document joint order
2026-08-18T05:34:14,g1,rbdl,FD,1024,29,cpu,7.8533,7.9121,1.619e-14,,,,python-loop batching; assumes URDF document joint order
2026-08-18T05:34:14,g1,rbdl,CRBA,1024,29,cpu,4.5604,4.5769,3.49e-16,,,,python-loop batching; assumes URDF document joint order
2026-08-18T05:34:14,g1,rbdl,ID,4096,29,cpu,15.5382,15.6767,4.111e-16,,,,python-loop batching; assumes URDF document joint order
2026-08-18T05:34:14,g1,rbdl,FD,4096,29,cpu,31.5031,31.6597,4.822e-14,,,,python-loop batching; assumes URDF document joint order
2026-08-18T05:34:14,g1,rbdl,CRBA,4096,29,cpu,18.797,19.0471,4.734e-16,,,,python-loop batching; assumes URDF document joint order
2026-08-18T23:23:24,panda,pyroffi_jax,ID,1,7,gpu,0.1872,0.1941,2.139e-07,0.0,0.0,18785.0,
2026-08-18T23:23:24,panda,pyroffi_jax,FD,1,7,gpu,0.2951,0.3179,9.026e-07,4.0,2.2,18797.0,
2026-08-18T23:23:24,panda,pyroffi_jax,CRBA,1,7,gpu,0.1513,0.1679,3.483e-07,1.0,0.7,18797.0,
2026-08-18T23:23:24,panda,pyroffi_jax,ID,16,7,gpu,0.2211,0.226,2.532e-07,1.0,0.9,18797.0,
2026-08-18T23:23:24,panda,pyroffi_jax,FD,16,7,gpu,0.3225,0.3274,1.134e-06,0.0,0.0,18797.0,
2026-08-18T23:23:24,panda,pyroffi_jax,CRBA,16,7,gpu,0.1934,0.2031,3.459e-07,0.0,0.0,18797.0,
2026-08-18T23:23:24,panda,pyroffi_jax,ID,64,7,gpu,0.2272,0.2405,1.409e-07,22.0,22.0,18799.0,
2026-08-18T23:23:24,panda,pyroffi_jax,FD,64,7,gpu,0.3286,0.3399,9.644e-07,5.0,1.9,18799.0,
2026-08-18T23:23:24,panda,pyroffi_jax,CRBA,64,7,gpu,0.192,0.2014,4.399e-07,17.0,17.0,18799.0,
2026-08-18T23:23:24,panda,pyroffi_jax,ID,256,7,gpu,0.272,0.2862,2.875e-07,1.0,0.5,18799.0,
2026-08-18T23:23:24,panda,pyroffi_jax,FD,256,7,gpu,0.3824,0.3917,1.408e-06,9.0,6.2,18799.0,
2026-08-18T23:23:24,panda,pyroffi_jax,CRBA,256,7,gpu,0.2277,0.2294,5.005e-07,0.0,0.0,18799.0,
2026-08-18T23:23:24,panda,pyroffi_jax,ID,1024,7,gpu,0.3564,0.3625,3.528e-07,12.0,8.8,18799.0,
2026-08-18T23:23:24,panda,pyroffi_jax,FD,1024,7,gpu,0.5107,0.5231,2.303e-06,19.0,19.0,18799.0,
2026-08-18T23:23:24,panda,pyroffi_jax,CRBA,1024,7,gpu,0.2908,0.2983,5.444e-07,1.0,0.5,18799.0,
2026-08-18T23:23:24,panda,pyroffi_jax,ID,4096,7,gpu,0.6688,0.6834,4.008e-07,22.0,13.2,18799.0,
2026-08-18T23:23:24,panda,pyroffi_jax,FD,4096,7,gpu,0.9548,0.9744,2.561e-06,7.0,4.3,18799.0,
2026-08-18T23:23:24,panda,pyroffi_jax,CRBA,4096,7,gpu,0.5808,0.585,6.538e-07,4.0,4.0,18801.0,
2026-08-18T23:26:18,g1,pyroffi_jax,ID,1,29,gpu,0.3826,0.3948,1.894e-07,29.0,29.0,18785.0,
2026-08-18T23:26:18,g1,pyroffi_jax,FD,1,29,gpu,0.5068,0.5152,5.502e-06,16.0,16.0,18797.0,
2026-08-18T23:26:18,g1,pyroffi_jax,CRBA,1,29,gpu,0.348,0.3521,2.892e-07,13.0,6.9,18797.0,
2026-08-18T23:26:18,g1,pyroffi_jax,ID,16,29,gpu,0.5088,0.5111,3.285e-07,0.0,0.0,18799.0,
2026-08-18T23:26:18,g1,pyroffi_jax,FD,16,29,gpu,0.7319,0.7437,8.802e-05,15.0,4.5,18799.0,
2026-08-18T23:26:18,g1,pyroffi_jax,CRBA,16,29,gpu,0.4796,0.4815,2.664e-07,1.0,1.0,18799.0,
2026-08-18T23:26:18,g1,pyroffi_jax,ID,64,29,gpu,0.5633,0.5886,3.109e-07,14.0,6.6,18799.0,
2026-08-18T23:26:18,g1,pyroffi_jax,FD,64,29,gpu,0.7876,0.7933,6.56e-05,0.0,0.0,18801.0,
2026-08-18T23:26:18,g1,pyroffi_jax,CRBA,64,29,gpu,0.5012,0.508,3.702e-07,0.0,0.0,18801.0,
2026-08-18T23:26:18,g1,pyroffi_jax,ID,256,29,gpu,0.6689,0.6711,2.527e-07,0.0,0.0,18801.0,
2026-08-18T23:26:18,g1,pyroffi_jax,FD,256,29,gpu,0.9512,0.9568,8.248e-05,0.0,0.0,18801.0,
2026-08-18T23:26:18,g1,pyroffi_jax,CRBA,256,29,gpu,0.6028,0.6038,3.388e-07,12.0,4.3,18803.0,
2026-08-18T23:26:18,g1,pyroffi_jax,ID,1024,29,gpu,0.9893,1.0021,3.363e-07,2.0,1.3,18803.0,
2026-08-18T23:26:18,g1,pyroffi_jax,FD,1024,29,gpu,1.5783,1.5983,8.693e-05,2.0,1.6,18803.0,
2026-08-18T23:26:18,g1,pyroffi_jax,CRBA,1024,29,gpu,0.9477,0.9494,3.481e-07,0.0,0.0,18803.0,
2026-08-18T23:26:18,g1,pyroffi_jax,ID,4096,29,gpu,2.3299,2.3328,3.469e-07,1.0,0.6,18803.0,
2026-08-18T23:26:18,g1,pyroffi_jax,FD,4096,29,gpu,4.4396,4.5668,0.0001691,0.0,0.0,18805.0,
2026-08-18T23:26:18,g1,pyroffi_jax,CRBA,4096,29,gpu,2.4582,2.6038,3.921e-07,3.0,0.7,18805.0,
